onset_time,midi_note,morphetic_pitch_number,duration,staff_number,measure
0.0,60.0,60.0,1.0,0.0,1.0
1.375,60.0,60.0,0.125,0.0,1.0
1.5,62.0,61.0,0.375,0.0,1.0
1.875,63.0,62.0,0.125,0.0,1.0
2.0,63.0,62.0,1.0,0.0,1.0
3.0,62.0,61.0,0.5,0.0,1.0
3.875,44.0,51.0,0.125,1.0,1.0
4.0,65.0,63.0,1.0,0.0,2.0
5.375,65.0,63.0,0.125,0.0,2.0
5.5,67.0,64.0,0.375,0.0,2.0
5.875,68.0,65.0,0.125,0.0,2.0
6.0,68.0,65.0,1.0,0.0,2.0
7.0,67.0,64.0,0.5,0.0,2.0
7.875,51.0,55.0,0.125,1.0,2.0
8.0,72.0,67.0,1.0,0.0,3.0
9.375,72.0,67.0,0.125,0.0,3.0
9.5,74.0,68.0,0.375,0.0,3.0
9.875,75.0,69.0,0.125,0.0,3.0
10.0,75.0,69.0,1.0,0.0,3.0
11.0,74.0,68.0,0.25,0.0,3.0
11.375,72.0,67.0,0.125,0.0,3.0
11.5,74.0,68.0,0.375,0.0,3.0
11.875,75.0,69.0,0.125,0.0,3.0
12.0,75.0,69.0,1.0,0.0,4.0
13.0,74.0,68.0,0.5,0.0,4.0
13.5,76.0,69.0,0.5,0.0,4.0
14.0,77.0,70.0,0.5,0.0,4.0
14.5,80.0,72.0,0.625,0.0,4.0
15.0,46.0,52.0,1.0,1.0,4.0
15.125,79.0,71.0,0.041666667,0.0,4.0
15.16666667,80.0,72.0,0.041666667,0.0,4.0
15.20833333,82.0,73.0,0.041666667,0.0,4.0
15.25,80.0,72.0,0.041666667,0.0,4.0
15.29166667,79.0,71.0,0.041666667,0.0,4.0
15.33333333,77.0,70.0,0.041666667,0.0,4.0
15.375,75.0,69.0,0.0625,0.0,4.0
15.4375,74.0,68.0,0.0625,0.0,4.0
15.5,72.0,67.0,0.0625,0.0,4.0
15.5625,70.0,66.0,0.0625,0.0,4.0
15.625,68.0,65.0,0.041666667,0.0,4.0
15.66666667,67.0,64.0,0.041666667,0.0,4.0
15.70833333,65.0,63.0,0.041666667,0.0,4.0
15.75,63.0,62.0,0.041666667,0.0,4.0
15.79166667,62.0,61.0,0.041666667,0.0,4.0
15.83333333,65.0,63.0,0.041666667,0.0,4.0
15.875,68.0,65.0,0.041666667,0.0,4.0
15.91666667,65.0,63.0,0.041666667,0.0,4.0
15.95833333,62.0,61.0,0.041666667,0.0,4.0
16.0,63.0,62.0,0.5,0.0,5.0
16.25,58.0,59.0,0.25,1.0,5.0
16.5,75.0,69.0,0.5,0.0,5.0
16.75,58.0,59.0,0.25,1.0,5.0
17.0,58.0,59.0,0.25,1.0,5.0
17.25,58.0,59.0,0.25,1.0,5.0
17.375,75.0,69.0,0.125,0.0,5.0
17.5,77.0,70.0,0.375,0.0,5.0
17.75,58.0,59.0,0.25,1.0,5.0
17.875,79.0,71.0,0.125,0.0,5.0
18.0,79.0,71.0,0.5,0.0,5.0
18.25,60.0,60.0,0.25,1.0,5.0
18.5,77.0,70.0,0.25,0.0,5.0
18.75,60.0,60.0,0.25,1.0,5.0
18.875,65.0,63.0,0.125,0.0,5.0
19.0,65.0,63.0,0.375,0.0,5.0
19.25,50.0,54.0,0.25,1.0,5.0
19.375,65.0,63.0,0.125,0.0,5.0
19.5,65.0,63.0,0.375,0.0,5.0
19.75,48.0,53.0,0.25,1.0,5.0
19.875,65.0,63.0,0.125,0.0,5.0
20.0,65.0,63.0,0.5,0.0,6.0
20.25,56.0,58.0,0.25,1.0,6.0
20.5,77.0,70.0,0.5,0.0,6.0
20.75,56.0,58.0,0.25,1.0,6.0
21.0,56.0,58.0,0.25,1.0,6.0
21.25,56.0,58.0,0.25,1.0,6.0
21.375,77.0,70.0,0.125,0.0,6.0
21.5,79.0,71.0,0.375,0.0,6.0
21.75,56.0,58.0,0.25,1.0,6.0
21.875,80.0,72.0,0.125,0.0,6.0
22.0,80.0,72.0,0.5,0.0,6.0
22.25,55.0,57.0,0.25,1.0,6.0
22.5,79.0,71.0,0.25,0.0,6.0
22.75,55.0,57.0,0.25,1.0,6.0
22.875,67.0,64.0,0.125,0.0,6.0
23.0,69.0,65.0,0.375,0.0,6.0
23.25,45.0,51.0,0.25,1.0,6.0
23.375,69.0,65.0,0.125,0.0,6.0
23.5,70.0,66.0,0.375,0.0,6.0
23.75,43.0,50.0,0.25,1.0,6.0
23.875,70.0,66.0,0.125,0.0,6.0
24.0,69.0,65.0,0.5,0.0,7.0
24.25,62.0,61.0,0.25,1.0,7.0
24.5,81.0,72.0,0.5,0.0,7.0
24.75,62.0,61.0,0.25,1.0,7.0
25.0,62.0,61.0,0.25,1.0,7.0
25.25,62.0,61.0,0.25,1.0,7.0
25.375,81.0,72.0,0.125,0.0,7.0
25.5,83.0,73.0,0.375,0.0,7.0
25.75,62.0,61.0,0.25,1.0,7.0
25.875,84.0,74.0,0.125,0.0,7.0
26.0,84.0,74.0,0.5,0.0,7.0
26.25,62.0,61.0,0.25,1.0,7.0
26.5,83.0,73.0,0.25,0.0,7.0
26.75,62.0,61.0,0.25,1.0,7.0
27.0,59.0,59.0,0.25,1.0,7.0
27.25,59.0,59.0,0.25,1.0,7.0
27.5,83.0,73.0,0.375,0.0,7.0
27.75,59.0,59.0,0.25,1.0,7.0
27.875,84.0,74.0,0.125,0.0,7.0
28.0,85.0,74.0,0.5,0.0,8.0
28.25,56.0,58.0,0.25,1.0,8.0
28.5,86.0,75.0,0.5,0.0,8.0
28.75,56.0,58.0,0.25,1.0,8.0
29.0,53.0,56.0,0.25,1.0,8.0
29.25,53.0,56.0,0.25,1.0,8.0
29.5,86.0,75.0,0.375,0.0,8.0
29.75,53.0,56.0,0.25,1.0,8.0
29.875,87.0,76.0,0.125,0.0,8.0
30.0,88.0,76.0,0.5,0.0,8.0
30.25,53.0,56.0,0.25,1.0,8.0
30.5,89.0,77.0,1.0,0.0,8.0
30.75,53.0,56.0,0.25,1.0,8.0
31.0,53.0,56.0,0.25,1.0,8.0
31.25,53.0,56.0,0.25,1.0,8.0
31.5,89.0,77.0,0.5,0.0,8.0
31.75,53.0,56.0,0.25,1.0,8.0
32.0,89.0,77.0,0.5,0.0,9.0
32.625,87.0,76.0,0.0625,0.0,9.0
32.6875,86.0,75.0,0.0625,0.0,9.0
32.75,89.0,77.0,0.0625,0.0,9.0
32.8125,87.0,76.0,0.0625,0.0,9.0
32.875,86.0,75.0,0.0625,0.0,9.0
32.9375,84.0,74.0,0.0625,0.0,9.0
33.0,83.0,73.0,0.25,0.0,9.0
33.25,83.0,73.0,0.25,0.0,9.0
33.5,83.0,73.0,0.25,0.0,9.0
33.75,83.0,73.0,0.25,0.0,9.0
34.0,84.0,74.0,0.5,0.0,9.0
36.0,84.0,74.0,0.625,0.0,10.0
36.625,83.0,73.0,0.0625,0.0,10.0
36.6875,84.0,74.0,0.0625,0.0,10.0
36.75,86.0,75.0,0.041666667,0.0,10.0
36.79166667,84.0,74.0,0.041666667,0.0,10.0
36.83333333,82.0,73.0,0.041666667,0.0,10.0
36.875,80.0,72.0,0.041666667,0.0,10.0
36.91666667,79.0,71.0,0.041666667,0.0,10.0
36.95833333,82.0,73.0,0.041666667,0.0,10.0
37.0,80.0,72.0,0.25,0.0,10.0
37.25,80.0,72.0,0.25,0.0,10.0
37.5,80.0,72.0,0.25,0.0,10.0
37.75,80.0,72.0,0.25,0.0,10.0
38.0,79.0,71.0,0.25,0.0,10.0
38.25,87.0,76.0,0.291666667,0.0,10.0
38.54166667,86.0,75.0,0.041666667,0.0,10.0
38.58333333,85.0,75.0,0.041666667,0.0,10.0
38.625,84.0,74.0,0.041666667,0.0,10.0
38.66666667,83.0,73.0,0.041666667,0.0,10.0
38.70833333,82.0,73.0,0.041666667,0.0,10.0
38.75,81.0,72.0,0.035714286,0.0,10.0
38.78571429,80.0,72.0,0.035714286,0.0,10.0
38.82142857,79.0,71.0,0.035714286,0.0,10.0
38.85714286,78.0,70.0,0.035714286,0.0,10.0
38.89285714,77.0,70.0,0.035714286,0.0,10.0
38.92857143,76.0,69.0,0.035714286,0.0,10.0
38.96428571,75.0,69.0,0.035714286,0.0,10.0
39.0,74.0,68.0,0.03125,0.0,10.0
39.03125,73.0,68.0,0.03125,0.0,10.0
39.0625,72.0,67.0,0.03125,0.0,10.0
39.09375,71.0,66.0,0.03125,0.0,10.0
39.125,70.0,66.0,0.03125,0.0,10.0
39.15625,69.0,65.0,0.03125,0.0,10.0
39.1875,68.0,65.0,0.03125,0.0,10.0
39.21875,67.0,64.0,0.03125,0.0,10.0
39.25,66.0,63.0,0.03125,0.0,10.0
39.28125,65.0,63.0,0.03125,0.0,10.0
39.3125,64.0,62.0,0.03125,0.0,10.0
39.34375,63.0,62.0,0.03125,0.0,10.0
39.375,62.0,61.0,0.03125,0.0,10.0
39.40625,61.0,61.0,0.03125,0.0,10.0
39.4375,60.0,60.0,0.03125,0.0,10.0
39.46875,59.0,59.0,0.03125,0.0,10.0
39.5,68.0,65.0,0.375,0.0,10.0
39.875,59.0,59.0,0.125,0.0,10.0
40.0,60.0,60.0,3.0,0.0,11.0
40.5,48.0,53.0,0.5,1.0,11.0
41.0,36.0,46.0,0.5,1.0,11.0
41.5,48.0,53.0,0.5,1.0,11.0
42.0,36.0,46.0,0.5,1.0,11.0
42.5,48.0,53.0,0.5,1.0,11.0
43.0,64.0,62.0,1.0,0.0,11.0
43.5,48.0,53.0,0.5,1.0,11.0
44.0,65.0,63.0,1.0,0.0,12.0
44.5,48.0,53.0,0.5,1.0,12.0
45.0,67.0,64.0,1.0,0.0,12.0
45.5,48.0,53.0,0.5,1.0,12.0
46.0,68.0,65.0,1.0,0.0,12.0
46.5,48.0,53.0,0.5,1.0,12.0
47.0,71.0,66.0,1.0,0.0,12.0
47.5,48.0,53.0,0.5,1.0,12.0
48.0,72.0,67.0,1.0,0.0,13.0
48.5,48.0,53.0,0.5,1.0,13.0
49.0,72.0,67.0,2.0,0.0,13.0
49.5,48.0,53.0,0.5,1.0,13.0
50.0,36.0,46.0,0.5,1.0,13.0
50.5,48.0,53.0,0.5,1.0,13.0
51.0,76.0,69.0,1.0,0.0,13.0
51.5,48.0,53.0,0.5,1.0,13.0
52.0,77.0,70.0,1.0,0.0,14.0
52.5,48.0,53.0,0.5,1.0,14.0
53.0,79.0,71.0,1.0,0.0,14.0
53.5,48.0,53.0,0.5,1.0,14.0
54.0,80.0,72.0,1.0,0.0,14.0
54.5,48.0,53.0,0.5,1.0,14.0
55.0,83.0,73.0,1.0,0.0,14.0
55.5,48.0,53.0,0.5,1.0,14.0
56.0,84.0,74.0,2.0,0.0,15.0
56.5,48.0,53.0,0.5,1.0,15.0
57.0,36.0,46.0,0.5,1.0,15.0
57.5,48.0,53.0,0.5,1.0,15.0
58.0,79.0,71.0,2.0,0.0,15.0
58.5,50.0,54.0,0.5,1.0,15.0
59.0,38.0,47.0,0.5,1.0,15.0
59.5,50.0,54.0,0.5,1.0,15.0
60.0,75.0,69.0,2.0,0.0,16.0
60.5,51.0,55.0,0.5,1.0,16.0
61.0,39.0,48.0,0.5,1.0,16.0
61.5,51.0,55.0,0.5,1.0,16.0
62.0,74.0,68.0,2.0,0.0,16.0
62.5,53.0,56.0,0.5,1.0,16.0
63.0,41.0,49.0,0.5,1.0,16.0
63.5,53.0,56.0,0.5,1.0,16.0
64.0,72.0,67.0,4.0,0.0,17.0
64.5,55.0,57.0,0.5,1.0,17.0
65.0,43.0,50.0,0.5,1.0,17.0
65.5,55.0,57.0,0.5,1.0,17.0
66.0,66.0,63.0,2.0,0.0,17.0
66.5,56.0,58.0,0.5,1.0,17.0
67.0,44.0,51.0,0.5,1.0,17.0
67.5,56.0,58.0,0.5,1.0,17.0
68.0,72.0,67.0,2.0,0.0,18.0
68.5,54.0,56.0,0.5,1.0,18.0
69.0,42.0,49.0,0.5,1.0,18.0
69.5,54.0,56.0,0.5,1.0,18.0
70.0,71.0,66.0,2.0,0.0,18.0
70.5,55.0,57.0,0.5,1.0,18.0
71.0,43.0,50.0,0.5,1.0,18.0
71.5,55.0,57.0,0.5,1.0,18.0
72.0,72.0,67.0,1.0,0.0,19.0
72.5,48.0,53.0,0.5,1.0,19.0
73.0,60.0,60.0,2.0,0.0,19.0
73.5,48.0,53.0,0.5,1.0,19.0
74.0,36.0,46.0,0.5,1.0,19.0
74.5,48.0,53.0,0.5,1.0,19.0
75.0,64.0,62.0,1.0,0.0,19.0
75.5,48.0,53.0,0.5,1.0,19.0
76.0,65.0,63.0,1.0,0.0,20.0
76.5,48.0,53.0,0.5,1.0,20.0
77.0,67.0,64.0,1.0,0.0,20.0
77.5,48.0,53.0,0.5,1.0,20.0
78.0,68.0,65.0,1.0,0.0,20.0
78.5,48.0,53.0,0.5,1.0,20.0
79.0,71.0,66.0,1.0,0.0,20.0
79.5,48.0,53.0,0.5,1.0,20.0
80.0,72.0,67.0,1.0,0.0,21.0
80.5,48.0,53.0,0.5,1.0,21.0
81.0,72.0,67.0,2.0,0.0,21.0
81.5,48.0,53.0,0.5,1.0,21.0
82.0,36.0,46.0,0.5,1.0,21.0
82.5,48.0,53.0,0.5,1.0,21.0
83.0,76.0,69.0,1.0,0.0,21.0
83.5,48.0,53.0,0.5,1.0,21.0
84.0,77.0,70.0,1.0,0.0,22.0
84.5,48.0,53.0,0.5,1.0,22.0
85.0,79.0,71.0,1.0,0.0,22.0
85.5,48.0,53.0,0.5,1.0,22.0
86.0,80.0,72.0,1.0,0.0,22.0
86.5,48.0,53.0,0.5,1.0,22.0
87.0,83.0,73.0,1.0,0.0,22.0
87.5,48.0,53.0,0.5,1.0,22.0
88.0,84.0,74.0,2.0,0.0,23.0
88.5,48.0,53.0,0.5,1.0,23.0
89.0,36.0,46.0,0.5,1.0,23.0
89.5,48.0,53.0,0.5,1.0,23.0
90.0,79.0,71.0,2.0,0.0,23.0
90.5,50.0,54.0,0.5,1.0,23.0
91.0,38.0,47.0,0.5,1.0,23.0
91.5,50.0,54.0,0.5,1.0,23.0
92.0,75.0,69.0,2.0,0.0,24.0
92.5,51.0,55.0,0.5,1.0,24.0
93.0,39.0,48.0,0.5,1.0,24.0
93.5,51.0,55.0,0.5,1.0,24.0
94.0,74.0,68.0,2.0,0.0,24.0
94.5,53.0,56.0,0.5,1.0,24.0
95.0,41.0,49.0,0.5,1.0,24.0
95.5,53.0,56.0,0.5,1.0,24.0
96.0,72.0,67.0,4.0,0.0,25.0
96.5,55.0,57.0,0.5,1.0,25.0
97.0,43.0,50.0,0.5,1.0,25.0
97.5,55.0,57.0,0.5,1.0,25.0
98.0,66.0,63.0,2.0,0.0,25.0
98.5,56.0,58.0,0.5,1.0,25.0
99.0,44.0,51.0,0.5,1.0,25.0
99.5,56.0,58.0,0.5,1.0,25.0
100.0,72.0,67.0,4.0,0.0,26.0
100.5,54.0,56.0,0.5,1.0,26.0
101.0,42.0,49.0,0.5,1.0,26.0
101.5,54.0,56.0,0.5,1.0,26.0
102.0,42.0,49.0,0.5,1.0,26.0
102.5,54.0,56.0,0.5,1.0,26.0
103.0,42.0,49.0,0.5,1.0,26.0
103.5,54.0,56.0,0.5,1.0,26.0
104.0,71.0,66.0,1.0,0.0,27.0
105.0,62.0,61.0,1.0,1.0,27.0
106.0,79.0,71.0,2.0,0.0,27.0
107.0,62.0,61.0,1.0,1.0,27.0
108.0,55.0,57.0,1.0,1.0,28.0
109.0,63.0,62.0,1.0,1.0,28.0
110.0,79.0,71.0,2.0,0.0,28.0
111.0,63.0,62.0,1.0,1.0,28.0
112.0,65.0,63.0,1.0,1.0,29.0
112.5,77.0,70.0,0.5,0.0,29.0
113.0,74.0,68.0,0.5,0.0,29.0
113.5,71.0,66.0,0.5,0.0,29.0
114.0,67.0,64.0,0.5,0.0,29.0
114.5,65.0,63.0,0.5,0.0,29.0
115.0,62.0,61.0,0.5,0.0,29.0
115.5,59.0,59.0,0.5,0.0,29.0
116.0,60.0,60.0,0.5,0.0,30.0
116.5,63.0,62.0,0.5,0.0,30.0
117.0,60.0,60.0,0.5,0.0,30.0
117.5,55.0,57.0,0.5,0.0,30.0
118.0,54.0,56.0,0.5,0.0,30.0
118.5,60.0,60.0,0.5,0.0,30.0
119.0,56.0,58.0,0.5,0.0,30.0
119.5,54.0,56.0,0.5,0.0,30.0
120.0,55.0,57.0,1.0,0.0,31.0
121.0,62.0,61.0,1.0,1.0,31.0
122.0,79.0,71.0,2.0,0.0,31.0
123.0,62.0,61.0,1.0,1.0,31.0
124.0,55.0,57.0,1.0,1.0,32.0
125.0,63.0,62.0,1.0,1.0,32.0
126.0,79.0,71.0,2.0,0.0,32.0
127.0,63.0,62.0,1.0,1.0,32.0
128.0,65.0,63.0,1.0,1.0,33.0
128.5,77.0,70.0,0.5,0.0,33.0
129.0,74.0,68.0,0.5,0.0,33.0
129.5,71.0,66.0,0.5,0.0,33.0
130.0,67.0,64.0,0.5,0.0,33.0
130.5,65.0,63.0,0.5,0.0,33.0
131.0,62.0,61.0,0.5,0.0,33.0
131.5,59.0,59.0,0.5,0.0,33.0
132.0,60.0,60.0,0.5,0.0,34.0
132.5,63.0,62.0,0.5,0.0,34.0
133.0,60.0,60.0,0.5,0.0,34.0
133.5,55.0,57.0,0.5,0.0,34.0
134.0,54.0,56.0,0.5,0.0,34.0
134.5,60.0,60.0,0.5,0.0,34.0
135.0,56.0,58.0,0.5,0.0,34.0
135.5,54.0,56.0,0.5,0.0,34.0
136.0,55.0,57.0,1.0,0.0,35.0
136.5,43.0,50.0,0.5,1.0,35.0
137.0,66.0,63.0,1.0,0.0,35.0
137.5,43.0,50.0,0.5,1.0,35.0
138.0,67.0,64.0,1.0,0.0,35.0
138.5,43.0,50.0,0.5,1.0,35.0
139.0,72.0,67.0,1.0,0.0,35.0
139.5,43.0,50.0,0.5,1.0,35.0
140.0,71.0,66.0,1.0,0.0,36.0
140.5,43.0,50.0,0.5,1.0,36.0
141.0,78.0,70.0,1.0,0.0,36.0
141.5,43.0,50.0,0.5,1.0,36.0
142.0,79.0,71.0,1.0,0.0,36.0
142.5,43.0,50.0,0.5,1.0,36.0
143.0,84.0,74.0,1.0,0.0,36.0
143.5,43.0,50.0,0.5,1.0,36.0
144.0,83.0,73.0,1.0,0.0,37.0
144.5,43.0,50.0,0.5,1.0,37.0
145.0,31.0,43.0,0.5,1.0,37.0
145.5,43.0,50.0,0.5,1.0,37.0
146.0,31.0,43.0,0.5,1.0,37.0
146.5,43.0,50.0,0.5,1.0,37.0
147.0,31.0,43.0,0.5,1.0,37.0
147.5,43.0,50.0,0.5,1.0,37.0
148.0,63.0,62.0,4.0,0.0,38.0
148.5,43.0,50.0,0.5,1.0,38.0
149.0,31.0,43.0,0.5,1.0,38.0
149.5,43.0,50.0,0.5,1.0,38.0
150.0,31.0,43.0,0.5,1.0,38.0
150.5,43.0,50.0,0.5,1.0,38.0
151.0,31.0,43.0,0.5,1.0,38.0
151.5,43.0,50.0,0.5,1.0,38.0
152.0,32.0,44.0,0.5,1.0,39.0
152.5,44.0,51.0,0.5,1.0,39.0
153.0,73.0,68.0,1.0,0.0,39.0
153.5,44.0,51.0,0.5,1.0,39.0
154.0,72.0,67.0,1.0,0.0,39.0
154.5,44.0,51.0,0.5,1.0,39.0
155.0,79.0,71.0,1.0,0.0,39.0
155.5,44.0,51.0,0.5,1.0,39.0
156.0,80.0,72.0,1.0,0.0,40.0
156.5,44.0,51.0,0.5,1.0,40.0
157.0,85.0,75.0,1.0,0.0,40.0
157.5,44.0,51.0,0.5,1.0,40.0
158.0,84.0,74.0,1.0,0.0,40.0
158.5,44.0,51.0,0.5,1.0,40.0
159.0,85.0,75.0,1.0,0.0,40.0
159.5,44.0,51.0,0.5,1.0,40.0
160.0,84.0,74.0,1.0,0.0,41.0
160.5,44.0,51.0,0.5,1.0,41.0
161.0,32.0,44.0,0.5,1.0,41.0
161.5,44.0,51.0,0.5,1.0,41.0
162.0,32.0,44.0,0.5,1.0,41.0
162.5,44.0,51.0,0.5,1.0,41.0
163.0,32.0,44.0,0.5,1.0,41.0
163.5,44.0,51.0,0.5,1.0,41.0
164.0,66.0,64.0,4.0,0.0,42.0
164.5,45.0,51.0,0.5,1.0,42.0
165.0,33.0,44.0,0.5,1.0,42.0
165.5,45.0,51.0,0.5,1.0,42.0
166.0,33.0,44.0,0.5,1.0,42.0
166.5,45.0,51.0,0.5,1.0,42.0
167.0,33.0,44.0,0.5,1.0,42.0
167.5,45.0,51.0,0.5,1.0,42.0
168.0,65.0,63.0,1.0,0.0,43.0
168.5,46.0,52.0,0.5,1.0,43.0
169.0,75.0,69.0,1.0,0.0,43.0
169.5,46.0,52.0,0.5,1.0,43.0
170.0,74.0,68.0,1.0,0.0,43.0
170.5,46.0,52.0,0.5,1.0,43.0
171.0,81.0,72.0,1.0,0.0,43.0
171.5,46.0,52.0,0.5,1.0,43.0
172.0,82.0,73.0,1.0,0.0,44.0
172.5,46.0,52.0,0.5,1.0,44.0
173.0,87.0,76.0,1.0,0.0,44.0
173.5,46.0,52.0,0.5,1.0,44.0
174.0,86.0,75.0,1.0,0.0,44.0
174.5,46.0,52.0,0.5,1.0,44.0
175.0,87.0,76.0,1.0,0.0,44.0
175.5,46.0,52.0,0.5,1.0,44.0
176.0,86.0,75.0,1.0,0.0,45.0
176.5,46.0,52.0,0.5,1.0,45.0
177.0,34.0,45.0,0.5,1.0,45.0
177.5,46.0,52.0,0.5,1.0,45.0
178.0,81.0,72.0,2.0,0.0,45.0
178.5,46.0,52.0,0.5,1.0,45.0
179.0,34.0,45.0,0.5,1.0,45.0
179.5,46.0,52.0,0.5,1.0,45.0
180.0,82.0,73.0,1.0,0.0,46.0
180.5,46.0,52.0,0.5,1.0,46.0
181.0,34.0,45.0,0.5,1.0,46.0
181.5,46.0,52.0,0.5,1.0,46.0
182.0,75.0,69.0,2.0,0.0,46.0
182.5,46.0,52.0,0.5,1.0,46.0
183.0,34.0,45.0,0.5,1.0,46.0
183.5,46.0,52.0,0.5,1.0,46.0
184.0,74.0,68.0,1.0,0.0,47.0
184.5,46.0,52.0,0.5,1.0,47.0
185.0,34.0,45.0,0.5,1.0,47.0
185.5,46.0,52.0,0.5,1.0,47.0
186.0,69.0,65.0,2.0,0.0,47.0
186.5,46.0,52.0,0.5,1.0,47.0
187.0,34.0,45.0,0.5,1.0,47.0
187.5,46.0,52.0,0.5,1.0,47.0
188.0,70.0,66.0,1.0,0.0,48.0
188.5,46.0,52.0,0.5,1.0,48.0
189.0,34.0,45.0,0.5,1.0,48.0
189.5,46.0,52.0,0.5,1.0,48.0
190.0,63.0,62.0,2.0,0.0,48.0
190.5,46.0,52.0,0.5,1.0,48.0
191.0,34.0,45.0,0.5,1.0,48.0
191.5,46.0,52.0,0.5,1.0,48.0
192.0,62.0,61.0,1.0,0.0,49.0
193.0,57.0,58.0,1.0,0.0,49.0
194.0,58.0,59.0,1.0,0.0,49.0
195.0,57.0,58.0,1.0,0.0,49.0
196.0,58.0,59.0,1.0,0.0,50.0
197.0,57.0,58.0,1.0,0.0,50.0
198.0,58.0,59.0,1.0,0.0,50.0
199.0,57.0,58.0,1.0,0.0,50.0
200.0,58.0,59.0,4.0,1.0,51.0
201.0,66.0,64.0,1.0,1.0,51.0
202.0,66.0,64.0,1.0,1.0,51.0
203.0,66.0,64.0,1.0,1.0,51.0
204.0,58.0,59.0,4.0,1.0,52.0
205.0,70.0,66.0,1.0,0.0,52.0
206.0,75.0,69.0,1.0,0.0,52.0
207.0,77.0,70.0,1.0,0.0,52.0
208.0,78.0,71.0,3.0,0.0,53.0
209.0,66.0,64.0,1.0,1.0,53.0
210.0,66.0,64.0,1.0,1.0,53.0
211.0,75.0,69.0,1.0,0.0,53.0
212.0,78.0,71.0,3.0,0.0,54.0
213.0,66.0,64.0,1.0,1.0,54.0
214.0,66.0,64.0,1.0,1.0,54.0
215.0,75.0,69.0,1.0,0.0,54.0
216.0,74.0,68.0,1.0,0.0,55.0
217.0,68.0,65.0,1.0,1.0,55.0
218.0,68.0,65.0,1.0,1.0,55.0
219.0,68.0,65.0,1.0,1.0,55.0
220.0,58.0,59.0,4.0,1.0,56.0
221.0,70.0,66.0,1.0,0.0,56.0
222.0,80.0,72.0,1.0,0.0,56.0
223.0,78.0,71.0,1.0,0.0,56.0
224.0,78.0,71.0,1.0,0.0,57.0
225.0,77.0,70.0,1.0,0.0,57.0
226.0,77.0,70.0,1.0,0.0,57.0
227.0,75.0,69.0,1.0,0.0,57.0
228.0,75.0,69.0,1.0,0.0,58.0
229.0,74.0,68.0,1.0,0.0,58.0
230.0,72.0,67.0,1.0,0.0,58.0
231.0,74.0,68.0,1.0,0.0,58.0
232.0,75.0,69.0,1.0,0.0,59.0
233.0,66.0,64.0,1.0,1.0,59.0
234.0,66.0,64.0,1.0,1.0,59.0
235.0,66.0,64.0,1.0,1.0,59.0
236.0,58.0,59.0,4.0,1.0,60.0
237.0,70.0,66.0,1.0,0.0,60.0
238.0,75.0,69.0,1.0,0.0,60.0
239.0,77.0,70.0,1.0,0.0,60.0
240.0,78.0,71.0,3.0,0.0,61.0
241.0,66.0,64.0,1.0,1.0,61.0
242.0,66.0,64.0,1.0,1.0,61.0
243.0,75.0,69.0,1.0,0.0,61.0
244.0,78.0,71.0,3.0,0.0,62.0
245.0,66.0,64.0,1.0,1.0,62.0
246.0,66.0,64.0,1.0,1.0,62.0
247.0,75.0,69.0,1.0,0.0,62.0
248.0,72.0,67.0,1.0,0.0,63.0
249.0,66.0,64.0,1.0,1.0,63.0
250.0,66.0,64.0,1.0,1.0,63.0
251.0,66.0,64.0,1.0,1.0,63.0
252.0,56.0,58.0,4.0,1.0,64.0
253.0,68.0,65.0,1.0,0.0,64.0
254.0,78.0,71.0,1.0,0.0,64.0
255.0,77.0,70.0,1.0,0.0,64.0
256.0,77.0,70.0,1.0,0.0,65.0
257.0,75.0,69.0,1.0,0.0,65.0
258.0,75.0,69.0,1.0,0.0,65.0
259.0,73.0,68.0,1.0,0.0,65.0
260.0,73.0,68.0,1.0,0.0,66.0
261.0,72.0,67.0,1.0,0.0,66.0
262.0,70.0,66.0,1.0,0.0,66.0
263.0,72.0,67.0,1.0,0.0,66.0
264.0,73.0,68.0,1.0,0.0,67.0
265.0,65.0,63.0,1.0,1.0,67.0
266.0,65.0,63.0,1.0,1.0,67.0
267.0,65.0,63.0,1.0,1.0,67.0
268.0,56.0,58.0,4.0,1.0,68.0
269.0,68.0,65.0,1.0,0.0,68.0
270.0,73.0,68.0,1.0,0.0,68.0
271.0,75.0,69.0,1.0,0.0,68.0
272.0,77.0,70.0,3.0,0.0,69.0
273.0,65.0,63.0,1.0,1.0,69.0
274.0,65.0,63.0,1.0,1.0,69.0
275.0,73.0,68.0,1.0,0.0,69.0
276.0,77.0,70.0,3.0,0.0,70.0
277.0,65.0,63.0,1.0,1.0,70.0
278.0,65.0,63.0,1.0,1.0,70.0
279.0,73.0,68.0,1.0,0.0,70.0
280.0,72.0,67.0,1.0,0.0,71.0
281.0,66.0,64.0,1.0,1.0,71.0
282.0,66.0,64.0,1.0,1.0,71.0
283.0,66.0,64.0,1.0,1.0,71.0
284.0,56.0,58.0,4.0,1.0,72.0
285.0,68.0,65.0,1.0,0.0,72.0
286.0,78.0,71.0,1.0,0.0,72.0
287.0,77.0,70.0,1.0,0.0,72.0
288.0,77.0,70.0,1.0,0.0,73.0
289.0,75.0,69.0,1.0,0.0,73.0
290.0,75.0,69.0,1.0,0.0,73.0
291.0,73.0,68.0,1.0,0.0,73.0
292.0,73.0,68.0,1.0,0.0,74.0
293.0,72.0,67.0,1.0,0.0,74.0
294.0,70.0,66.0,1.0,0.0,74.0
295.0,72.0,67.0,1.0,0.0,74.0
296.0,73.0,68.0,1.0,0.0,75.0
297.0,68.0,65.0,1.0,1.0,75.0
298.0,59.0,60.0,2.0,1.0,75.0
299.0,68.0,65.0,1.0,1.0,75.0
300.0,58.0,59.0,4.0,1.0,76.0
301.0,70.0,66.0,1.0,0.0,76.0
302.0,80.0,72.0,1.0,0.0,76.0
303.0,78.0,71.0,1.0,0.0,76.0
304.0,78.0,71.0,1.0,0.0,77.0
305.0,77.0,70.0,1.0,0.0,77.0
306.0,77.0,70.0,1.0,0.0,77.0
307.0,75.0,69.0,1.0,0.0,77.0
308.0,75.0,69.0,1.0,0.0,78.0
309.0,74.0,68.0,1.0,0.0,78.0
310.0,72.0,67.0,1.0,0.0,78.0
311.0,74.0,68.0,1.0,0.0,78.0
312.0,75.0,69.0,1.0,0.0,79.0
313.0,70.0,66.0,1.0,1.0,79.0
314.0,61.0,61.0,2.0,1.0,79.0
315.0,70.0,66.0,1.0,1.0,79.0
316.0,60.0,60.0,4.0,1.0,80.0
317.0,72.0,67.0,1.0,0.0,80.0
318.0,82.0,73.0,1.0,0.0,80.0
319.0,80.0,72.0,1.0,0.0,80.0
320.0,80.0,72.0,1.0,0.0,81.0
321.0,79.0,71.0,1.0,0.0,81.0
322.0,79.0,71.0,1.0,0.0,81.0
323.0,77.0,70.0,1.0,0.0,81.0
324.0,77.0,70.0,1.0,0.0,82.0
325.0,76.0,69.0,1.0,0.0,82.0
326.0,74.0,68.0,1.0,0.0,82.0
327.0,76.0,69.0,1.0,0.0,82.0
328.0,79.0,71.0,1.0,0.0,83.0
329.0,77.0,70.0,1.0,0.0,83.0
330.0,77.0,70.0,1.0,0.0,83.0
331.0,75.0,69.0,1.0,0.0,83.0
332.0,75.0,69.0,1.0,0.0,84.0
333.0,74.0,68.0,1.0,0.0,84.0
334.0,72.0,67.0,1.0,0.0,84.0
335.0,74.0,68.0,1.0,0.0,84.0
336.0,77.0,70.0,1.0,0.0,85.0
337.0,75.0,69.0,1.0,0.0,85.0
338.0,75.0,69.0,1.0,0.0,85.0
339.0,74.0,68.0,1.0,0.0,85.0
340.0,74.0,68.0,1.0,0.0,86.0
341.0,72.0,67.0,1.0,0.0,86.0
342.0,72.0,67.0,1.0,0.0,86.0
343.0,71.0,66.0,1.0,0.0,86.0
344.0,72.0,67.0,1.0,0.0,87.0
345.0,70.0,66.0,1.0,0.0,87.0
346.0,70.0,66.0,1.0,0.0,87.0
347.0,70.0,66.0,1.0,0.0,87.0
348.0,72.0,67.0,1.0,0.0,88.0
349.0,70.0,66.0,1.0,0.0,88.0
350.0,70.0,66.0,1.0,0.0,88.0
351.0,70.0,66.0,1.0,0.0,88.0
352.0,51.0,55.0,6.0,1.0,89.0
352.5,63.0,62.0,0.5,0.0,89.0
353.0,67.0,64.0,0.5,0.0,89.0
353.5,63.0,62.0,0.5,0.0,89.0
354.0,75.0,69.0,4.0,0.0,89.0
354.5,63.0,62.0,0.5,0.0,89.0
355.0,67.0,64.0,0.5,0.0,89.0
355.5,63.0,62.0,0.5,0.0,89.0
356.0,75.0,69.0,2.0,0.0,90.0
356.5,63.0,62.0,0.5,0.0,90.0
357.0,67.0,64.0,0.5,0.0,90.0
357.5,63.0,62.0,0.5,0.0,90.0
358.0,75.0,69.0,2.0,0.0,90.0
358.5,63.0,62.0,0.5,0.0,90.0
359.0,67.0,64.0,0.5,0.0,90.0
359.5,63.0,62.0,0.5,0.0,90.0
360.0,49.0,54.0,6.0,1.0,91.0
360.5,63.0,62.0,0.5,0.0,91.0
361.0,67.0,64.0,0.5,0.0,91.0
361.5,63.0,62.0,0.5,0.0,91.0
362.0,75.0,69.0,4.0,0.0,91.0
362.5,63.0,62.0,0.5,0.0,91.0
363.0,67.0,64.0,0.5,0.0,91.0
363.5,63.0,62.0,0.5,0.0,91.0
364.0,75.0,69.0,2.0,0.0,92.0
364.5,63.0,62.0,0.5,0.0,92.0
365.0,67.0,64.0,0.5,0.0,92.0
365.5,63.0,62.0,0.5,0.0,92.0
366.0,75.0,69.0,2.0,0.0,92.0
366.5,63.0,62.0,0.5,0.0,92.0
367.0,67.0,64.0,0.5,0.0,92.0
367.5,63.0,62.0,0.5,0.0,92.0
368.0,75.0,69.0,0.5,0.0,93.0
368.5,63.0,62.0,0.5,0.0,93.0
369.0,68.0,65.0,0.5,0.0,93.0
369.5,63.0,62.0,0.5,0.0,93.0
370.0,76.0,69.0,0.5,0.0,93.0
370.5,64.0,62.0,0.5,0.0,93.0
371.0,72.0,67.0,0.5,0.0,93.0
371.5,64.0,62.0,0.5,0.0,93.0
372.0,77.0,70.0,0.5,0.0,94.0
372.5,65.0,63.0,0.5,0.0,94.0
373.0,72.0,67.0,0.5,0.0,94.0
373.5,65.0,63.0,0.5,0.0,94.0
374.0,79.0,71.0,0.5,0.0,94.0
374.5,67.0,64.0,0.5,0.0,94.0
375.0,72.0,67.0,0.5,0.0,94.0
375.5,67.0,64.0,0.5,0.0,94.0
376.0,80.0,72.0,0.5,0.0,95.0
376.5,68.0,65.0,0.5,0.0,95.0
377.0,72.0,67.0,0.5,0.0,95.0
377.5,68.0,65.0,0.5,0.0,95.0
378.0,81.0,72.0,0.5,0.0,95.0
378.5,69.0,65.0,0.5,0.0,95.0
379.0,72.0,67.0,0.5,0.0,95.0
379.5,69.0,65.0,0.5,0.0,95.0
380.0,82.0,73.0,0.5,0.0,96.0
380.5,70.0,66.0,0.5,0.0,96.0
381.0,77.0,70.0,0.5,0.0,96.0
381.5,70.0,66.0,0.5,0.0,96.0
382.0,84.0,74.0,0.5,0.0,96.0
382.5,72.0,67.0,0.5,0.0,96.0
383.0,77.0,70.0,0.5,0.0,96.0
383.5,72.0,67.0,0.5,0.0,96.0
384.0,85.0,75.0,0.5,0.0,97.0
384.5,73.0,68.0,0.5,0.0,97.0
385.0,77.0,70.0,0.5,0.0,97.0
385.5,73.0,68.0,0.5,0.0,97.0
386.0,86.0,75.0,0.5,0.0,97.0
386.5,74.0,68.0,0.5,0.0,97.0
387.0,77.0,70.0,0.5,0.0,97.0
387.5,74.0,68.0,0.5,0.0,97.0
388.0,87.0,76.0,0.5,0.0,98.0
388.5,75.0,69.0,0.5,0.0,98.0
389.0,79.0,71.0,0.5,0.0,98.0
389.5,75.0,69.0,0.5,0.0,98.0
390.0,83.0,73.0,0.5,0.0,98.0
390.5,71.0,66.0,0.5,0.0,98.0
391.0,75.0,69.0,0.5,0.0,98.0
391.5,71.0,66.0,0.5,0.0,98.0
392.0,44.0,51.0,1.0,1.0,99.0
392.5,72.0,67.0,0.5,0.0,99.0
393.0,75.0,69.0,0.5,0.0,99.0
393.5,72.0,67.0,0.5,0.0,99.0
394.0,84.0,74.0,0.5,0.0,99.0
394.5,72.0,67.0,0.5,0.0,99.0
395.0,75.0,69.0,0.5,0.0,99.0
395.5,72.0,67.0,0.5,0.0,99.0
396.0,46.0,52.0,1.0,1.0,100.0
396.5,65.0,63.0,0.5,0.0,100.0
397.0,68.0,65.0,0.5,0.0,100.0
397.5,65.0,63.0,0.5,0.0,100.0
398.0,74.0,68.0,0.5,0.0,100.0
398.5,65.0,63.0,0.5,0.0,100.0
399.0,68.0,65.0,0.5,0.0,100.0
399.5,65.0,63.0,0.5,0.0,100.0
400.0,51.0,55.0,6.0,1.0,101.0
400.5,63.0,62.0,0.5,0.0,101.0
401.0,67.0,64.0,0.5,0.0,101.0
401.5,63.0,62.0,0.5,0.0,101.0
402.0,75.0,69.0,4.0,0.0,101.0
402.5,63.0,62.0,0.5,0.0,101.0
403.0,67.0,64.0,0.5,0.0,101.0
403.5,63.0,62.0,0.5,0.0,101.0
404.0,75.0,69.0,2.0,0.0,102.0
404.5,63.0,62.0,0.5,0.0,102.0
405.0,67.0,64.0,0.5,0.0,102.0
405.5,63.0,62.0,0.5,0.0,102.0
406.0,75.0,69.0,2.0,0.0,102.0
406.5,63.0,62.0,0.5,0.0,102.0
407.0,67.0,64.0,0.5,0.0,102.0
407.5,63.0,62.0,0.5,0.0,102.0
408.0,49.0,54.0,4.0,1.0,103.0
408.5,63.0,62.0,0.5,0.0,103.0
409.0,67.0,64.0,0.5,0.0,103.0
409.5,63.0,62.0,0.5,0.0,103.0
410.0,75.0,69.0,4.0,0.0,103.0
410.5,63.0,62.0,0.5,0.0,103.0
411.0,67.0,64.0,0.5,0.0,103.0
411.5,63.0,62.0,0.5,0.0,103.0
412.0,75.0,69.0,2.0,0.0,104.0
412.5,63.0,62.0,0.5,0.0,104.0
413.0,67.0,64.0,0.5,0.0,104.0
413.5,63.0,62.0,0.5,0.0,104.0
414.0,75.0,69.0,2.0,0.0,104.0
414.5,63.0,62.0,0.5,0.0,104.0
415.0,67.0,64.0,0.5,0.0,104.0
415.5,63.0,62.0,0.5,0.0,104.0
416.0,75.0,69.0,0.5,0.0,105.0
416.5,63.0,62.0,0.5,0.0,105.0
417.0,68.0,65.0,0.5,0.0,105.0
417.5,63.0,62.0,0.5,0.0,105.0
418.0,76.0,69.0,0.5,0.0,105.0
418.5,64.0,62.0,0.5,0.0,105.0
419.0,72.0,67.0,0.5,0.0,105.0
419.5,64.0,62.0,0.5,0.0,105.0
420.0,77.0,70.0,0.5,0.0,106.0
420.5,65.0,63.0,0.5,0.0,106.0
421.0,72.0,67.0,0.5,0.0,106.0
421.5,65.0,63.0,0.5,0.0,106.0
422.0,79.0,71.0,0.5,0.0,106.0
422.5,67.0,64.0,0.5,0.0,106.0
423.0,72.0,67.0,0.5,0.0,106.0
423.5,67.0,64.0,0.5,0.0,106.0
424.0,80.0,72.0,0.5,0.0,107.0
424.5,68.0,65.0,0.5,0.0,107.0
425.0,72.0,67.0,0.5,0.0,107.0
425.5,68.0,65.0,0.5,0.0,107.0
426.0,81.0,72.0,0.5,0.0,107.0
426.5,69.0,65.0,0.5,0.0,107.0
427.0,72.0,67.0,0.5,0.0,107.0
427.5,69.0,65.0,0.5,0.0,107.0
428.0,82.0,73.0,0.5,0.0,108.0
428.5,70.0,66.0,0.5,0.0,108.0
429.0,77.0,70.0,0.5,0.0,108.0
429.5,70.0,66.0,0.5,0.0,108.0
430.0,84.0,74.0,0.5,0.0,108.0
430.5,72.0,67.0,0.5,0.0,108.0
431.0,77.0,70.0,0.5,0.0,108.0
431.5,72.0,67.0,0.5,0.0,108.0
432.0,85.0,75.0,0.5,0.0,109.0
432.5,73.0,68.0,0.5,0.0,109.0
433.0,77.0,70.0,0.5,0.0,109.0
433.5,73.0,68.0,0.5,0.0,109.0
434.0,86.0,75.0,0.5,0.0,109.0
434.5,74.0,68.0,0.5,0.0,109.0
435.0,77.0,70.0,0.5,0.0,109.0
435.5,74.0,68.0,0.5,0.0,109.0
436.0,87.0,76.0,0.5,0.0,110.0
436.5,75.0,69.0,0.5,0.0,110.0
437.0,82.0,73.0,0.5,0.0,110.0
437.5,75.0,69.0,0.5,0.0,110.0
438.0,88.0,76.0,0.5,0.0,110.0
438.5,76.0,69.0,0.5,0.0,110.0
439.0,82.0,73.0,0.5,0.0,110.0
439.5,76.0,69.0,0.5,0.0,110.0
440.0,44.0,51.0,1.0,1.0,111.0
440.5,80.0,72.0,0.5,0.0,111.0
441.0,84.0,74.0,0.5,0.0,111.0
441.5,80.0,72.0,0.5,0.0,111.0
442.0,89.0,77.0,0.5,0.0,111.0
442.5,80.0,72.0,0.5,0.0,111.0
443.0,84.0,74.0,0.5,0.0,111.0
443.5,80.0,72.0,0.5,0.0,111.0
444.0,46.0,52.0,1.0,1.0,112.0
444.5,77.0,70.0,0.5,0.0,112.0
445.0,80.0,72.0,0.5,0.0,112.0
445.5,77.0,70.0,0.5,0.0,112.0
446.0,86.0,75.0,0.5,0.0,112.0
446.5,77.0,70.0,0.5,0.0,112.0
447.0,80.0,72.0,0.5,0.0,112.0
447.5,77.0,70.0,0.5,0.0,112.0
448.0,79.0,71.0,1.0,0.0,113.0
449.0,87.0,76.0,2.0,0.0,113.0
450.0,67.0,64.0,1.0,1.0,113.0
451.0,86.0,75.0,0.5,0.0,113.0
451.5,87.0,76.0,0.5,0.0,113.0
452.0,89.0,77.0,0.5,0.0,114.0
452.5,87.0,76.0,0.5,0.0,114.0
453.0,86.0,75.0,0.5,0.0,114.0
453.5,84.0,74.0,0.5,0.0,114.0
454.0,83.0,73.0,0.5,0.0,114.0
454.5,84.0,74.0,0.5,0.0,114.0
455.0,86.0,75.0,0.5,0.0,114.0
455.5,84.0,74.0,0.5,0.0,114.0
456.0,82.0,73.0,0.5,0.0,115.0
456.5,80.0,72.0,0.5,0.0,115.0
457.0,79.0,71.0,0.5,0.0,115.0
457.5,77.0,70.0,0.5,0.0,115.0
458.0,76.0,69.0,0.5,0.0,115.0
458.5,77.0,70.0,0.5,0.0,115.0
459.0,79.0,71.0,0.5,0.0,115.0
459.5,77.0,70.0,0.5,0.0,115.0
460.0,75.0,69.0,0.5,0.0,116.0
460.5,74.0,68.0,0.5,0.0,116.0
461.0,72.0,67.0,0.5,0.0,116.0
461.5,70.0,66.0,0.5,0.0,116.0
462.0,69.0,65.0,0.5,0.0,116.0
462.5,70.0,66.0,0.5,0.0,116.0
463.0,72.0,67.0,0.5,0.0,116.0
463.5,68.0,65.0,0.5,0.0,116.0
464.0,67.0,64.0,1.0,0.0,117.0
465.0,87.0,76.0,2.0,0.0,117.0
466.0,63.0,62.0,1.0,1.0,117.0
467.0,86.0,75.0,0.5,0.0,117.0
467.5,87.0,76.0,0.5,0.0,117.0
468.0,89.0,77.0,0.5,0.0,118.0
468.5,87.0,76.0,0.5,0.0,118.0
469.0,86.0,75.0,0.5,0.0,118.0
469.5,84.0,74.0,0.5,0.0,118.0
470.0,83.0,73.0,0.5,0.0,118.0
470.5,84.0,74.0,0.5,0.0,118.0
471.0,86.0,75.0,0.5,0.0,118.0
471.5,84.0,74.0,0.5,0.0,118.0
472.0,82.0,73.0,0.5,0.0,119.0
472.5,80.0,72.0,0.5,0.0,119.0
473.0,79.0,71.0,0.5,0.0,119.0
473.5,77.0,70.0,0.5,0.0,119.0
474.0,76.0,69.0,0.5,0.0,119.0
474.5,77.0,70.0,0.5,0.0,119.0
475.0,79.0,71.0,0.5,0.0,119.0
475.5,77.0,70.0,0.5,0.0,119.0
476.0,75.0,69.0,0.5,0.0,120.0
476.5,74.0,68.0,0.5,0.0,120.0
477.0,72.0,67.0,0.5,0.0,120.0
477.5,70.0,66.0,0.5,0.0,120.0
478.0,69.0,65.0,0.5,0.0,120.0
478.5,70.0,66.0,0.5,0.0,120.0
479.0,72.0,67.0,0.5,0.0,120.0
479.5,70.0,66.0,0.5,0.0,120.0
480.0,75.0,69.0,1.0,0.0,121.0
480.5,51.0,55.0,0.5,1.0,121.0
481.0,63.0,62.0,2.0,0.0,121.0
481.5,51.0,55.0,0.5,1.0,121.0
482.0,39.0,48.0,0.5,1.0,121.0
482.5,51.0,55.0,0.5,1.0,121.0
483.0,67.0,64.0,1.0,0.0,121.0
483.5,51.0,55.0,0.5,1.0,121.0
484.0,68.0,65.0,1.0,0.0,122.0
484.5,51.0,55.0,0.5,1.0,122.0
485.0,70.0,66.0,1.0,0.0,122.0
485.5,51.0,55.0,0.5,1.0,122.0
486.0,72.0,67.0,1.0,0.0,122.0
486.5,51.0,55.0,0.5,1.0,122.0
487.0,74.0,68.0,1.0,0.0,122.0
487.5,51.0,55.0,0.5,1.0,122.0
488.0,75.0,69.0,1.0,0.0,123.0
488.5,51.0,55.0,0.5,1.0,123.0
489.0,75.0,69.0,2.0,0.0,123.0
489.5,51.0,55.0,0.5,1.0,123.0
490.0,39.0,48.0,0.5,1.0,123.0
490.5,51.0,55.0,0.5,1.0,123.0
491.0,79.0,71.0,1.0,0.0,123.0
491.5,51.0,55.0,0.5,1.0,123.0
492.0,80.0,72.0,1.0,0.0,124.0
492.5,51.0,55.0,0.5,1.0,124.0
493.0,82.0,73.0,1.0,0.0,124.0
493.5,51.0,55.0,0.5,1.0,124.0
494.0,84.0,74.0,1.0,0.0,124.0
494.5,51.0,55.0,0.5,1.0,124.0
495.0,86.0,75.0,1.0,0.0,124.0
495.5,51.0,55.0,0.5,1.0,124.0
496.0,87.0,76.0,4.0,0.0,125.0
496.5,51.0,55.0,0.5,1.0,125.0
497.0,39.0,48.0,0.5,1.0,125.0
497.5,51.0,55.0,0.5,1.0,125.0
498.0,39.0,48.0,0.5,1.0,125.0
498.5,51.0,55.0,0.5,1.0,125.0
499.0,39.0,48.0,0.5,1.0,125.0
499.5,51.0,55.0,0.5,1.0,125.0
500.0,75.0,69.0,4.0,0.0,126.0
500.5,50.0,54.0,0.5,1.0,126.0
501.0,38.0,47.0,0.5,1.0,126.0
501.5,50.0,54.0,0.5,1.0,126.0
502.0,38.0,47.0,0.5,1.0,126.0
502.5,50.0,54.0,0.5,1.0,126.0
503.0,38.0,47.0,0.5,1.0,126.0
503.5,50.0,54.0,0.5,1.0,126.0
504.0,87.0,76.0,4.0,0.0,127.0
504.5,48.0,53.0,0.5,1.0,127.0
505.0,36.0,46.0,0.5,1.0,127.0
505.5,48.0,53.0,0.5,1.0,127.0
506.0,36.0,46.0,0.5,1.0,127.0
506.5,48.0,53.0,0.5,1.0,127.0
507.0,36.0,46.0,0.5,1.0,127.0
507.5,48.0,53.0,0.5,1.0,127.0
508.0,75.0,69.0,4.0,0.0,128.0
508.5,46.0,52.0,0.5,1.0,128.0
509.0,34.0,45.0,0.5,1.0,128.0
509.5,46.0,52.0,0.5,1.0,128.0
510.0,34.0,45.0,0.5,1.0,128.0
510.5,46.0,52.0,0.5,1.0,128.0
511.0,34.0,45.0,0.5,1.0,128.0
511.5,46.0,52.0,0.5,1.0,128.0
512.0,87.0,76.0,4.0,0.0,129.0
512.5,44.0,51.0,0.5,1.0,129.0
513.0,32.0,44.0,0.5,1.0,129.0
513.5,44.0,51.0,0.5,1.0,129.0
514.0,32.0,44.0,0.5,1.0,129.0
514.5,44.0,51.0,0.5,1.0,129.0
515.0,32.0,44.0,0.5,1.0,129.0
515.5,44.0,51.0,0.5,1.0,129.0
516.0,75.0,69.0,4.0,0.0,130.0
516.5,43.0,50.0,0.5,1.0,130.0
517.0,31.0,43.0,0.5,1.0,130.0
517.5,43.0,50.0,0.5,1.0,130.0
518.0,31.0,43.0,0.5,1.0,130.0
518.5,43.0,50.0,0.5,1.0,130.0
519.0,31.0,43.0,0.5,1.0,130.0
519.5,43.0,50.0,0.5,1.0,130.0
520.0,86.0,75.0,4.0,0.0,131.0
524.0,62.0,61.0,4.0,0.0,132.0
528.0,60.0,60.0,3.0,0.0,11.0
528.5,48.0,53.0,0.5,1.0,11.0
529.0,36.0,46.0,0.5,1.0,11.0
529.5,48.0,53.0,0.5,1.0,11.0
530.0,36.0,46.0,0.5,1.0,11.0
530.5,48.0,53.0,0.5,1.0,11.0
531.0,64.0,62.0,1.0,0.0,11.0
531.5,48.0,53.0,0.5,1.0,11.0
532.0,65.0,63.0,1.0,0.0,12.0
532.5,48.0,53.0,0.5,1.0,12.0
533.0,67.0,64.0,1.0,0.0,12.0
533.5,48.0,53.0,0.5,1.0,12.0
534.0,68.0,65.0,1.0,0.0,12.0
534.5,48.0,53.0,0.5,1.0,12.0
535.0,71.0,66.0,1.0,0.0,12.0
535.5,48.0,53.0,0.5,1.0,12.0
536.0,72.0,67.0,1.0,0.0,13.0
536.5,48.0,53.0,0.5,1.0,13.0
537.0,72.0,67.0,2.0,0.0,13.0
537.5,48.0,53.0,0.5,1.0,13.0
538.0,36.0,46.0,0.5,1.0,13.0
538.5,48.0,53.0,0.5,1.0,13.0
539.0,76.0,69.0,1.0,0.0,13.0
539.5,48.0,53.0,0.5,1.0,13.0
540.0,77.0,70.0,1.0,0.0,14.0
540.5,48.0,53.0,0.5,1.0,14.0
541.0,79.0,71.0,1.0,0.0,14.0
541.5,48.0,53.0,0.5,1.0,14.0
542.0,80.0,72.0,1.0,0.0,14.0
542.5,48.0,53.0,0.5,1.0,14.0
543.0,83.0,73.0,1.0,0.0,14.0
543.5,48.0,53.0,0.5,1.0,14.0
544.0,84.0,74.0,2.0,0.0,15.0
544.5,48.0,53.0,0.5,1.0,15.0
545.0,36.0,46.0,0.5,1.0,15.0
545.5,48.0,53.0,0.5,1.0,15.0
546.0,79.0,71.0,2.0,0.0,15.0
546.5,50.0,54.0,0.5,1.0,15.0
547.0,38.0,47.0,0.5,1.0,15.0
547.5,50.0,54.0,0.5,1.0,15.0
548.0,75.0,69.0,2.0,0.0,16.0
548.5,51.0,55.0,0.5,1.0,16.0
549.0,39.0,48.0,0.5,1.0,16.0
549.5,51.0,55.0,0.5,1.0,16.0
550.0,74.0,68.0,2.0,0.0,16.0
550.5,53.0,56.0,0.5,1.0,16.0
551.0,41.0,49.0,0.5,1.0,16.0
551.5,53.0,56.0,0.5,1.0,16.0
552.0,72.0,67.0,4.0,0.0,17.0
552.5,55.0,57.0,0.5,1.0,17.0
553.0,43.0,50.0,0.5,1.0,17.0
553.5,55.0,57.0,0.5,1.0,17.0
554.0,66.0,63.0,2.0,0.0,17.0
554.5,56.0,58.0,0.5,1.0,17.0
555.0,44.0,51.0,0.5,1.0,17.0
555.5,56.0,58.0,0.5,1.0,17.0
556.0,72.0,67.0,2.0,0.0,18.0
556.5,54.0,56.0,0.5,1.0,18.0
557.0,42.0,49.0,0.5,1.0,18.0
557.5,54.0,56.0,0.5,1.0,18.0
558.0,71.0,66.0,2.0,0.0,18.0
558.5,55.0,57.0,0.5,1.0,18.0
559.0,43.0,50.0,0.5,1.0,18.0
559.5,55.0,57.0,0.5,1.0,18.0
560.0,72.0,67.0,1.0,0.0,19.0
560.5,48.0,53.0,0.5,1.0,19.0
561.0,60.0,60.0,2.0,0.0,19.0
561.5,48.0,53.0,0.5,1.0,19.0
562.0,36.0,46.0,0.5,1.0,19.0
562.5,48.0,53.0,0.5,1.0,19.0
563.0,64.0,62.0,1.0,0.0,19.0
563.5,48.0,53.0,0.5,1.0,19.0
564.0,65.0,63.0,1.0,0.0,20.0
564.5,48.0,53.0,0.5,1.0,20.0
565.0,67.0,64.0,1.0,0.0,20.0
565.5,48.0,53.0,0.5,1.0,20.0
566.0,68.0,65.0,1.0,0.0,20.0
566.5,48.0,53.0,0.5,1.0,20.0
567.0,71.0,66.0,1.0,0.0,20.0
567.5,48.0,53.0,0.5,1.0,20.0
568.0,72.0,67.0,1.0,0.0,21.0
568.5,48.0,53.0,0.5,1.0,21.0
569.0,72.0,67.0,2.0,0.0,21.0
569.5,48.0,53.0,0.5,1.0,21.0
570.0,36.0,46.0,0.5,1.0,21.0
570.5,48.0,53.0,0.5,1.0,21.0
571.0,76.0,69.0,1.0,0.0,21.0
571.5,48.0,53.0,0.5,1.0,21.0
572.0,77.0,70.0,1.0,0.0,22.0
572.5,48.0,53.0,0.5,1.0,22.0
573.0,79.0,71.0,1.0,0.0,22.0
573.5,48.0,53.0,0.5,1.0,22.0
574.0,80.0,72.0,1.0,0.0,22.0
574.5,48.0,53.0,0.5,1.0,22.0
575.0,83.0,73.0,1.0,0.0,22.0
575.5,48.0,53.0,0.5,1.0,22.0
576.0,84.0,74.0,2.0,0.0,23.0
576.5,48.0,53.0,0.5,1.0,23.0
577.0,36.0,46.0,0.5,1.0,23.0
577.5,48.0,53.0,0.5,1.0,23.0
578.0,79.0,71.0,2.0,0.0,23.0
578.5,50.0,54.0,0.5,1.0,23.0
579.0,38.0,47.0,0.5,1.0,23.0
579.5,50.0,54.0,0.5,1.0,23.0
580.0,75.0,69.0,2.0,0.0,24.0
580.5,51.0,55.0,0.5,1.0,24.0
581.0,39.0,48.0,0.5,1.0,24.0
581.5,51.0,55.0,0.5,1.0,24.0
582.0,74.0,68.0,2.0,0.0,24.0
582.5,53.0,56.0,0.5,1.0,24.0
583.0,41.0,49.0,0.5,1.0,24.0
583.5,53.0,56.0,0.5,1.0,24.0
584.0,72.0,67.0,4.0,0.0,25.0
584.5,55.0,57.0,0.5,1.0,25.0
585.0,43.0,50.0,0.5,1.0,25.0
585.5,55.0,57.0,0.5,1.0,25.0
586.0,66.0,63.0,2.0,0.0,25.0
586.5,56.0,58.0,0.5,1.0,25.0
587.0,44.0,51.0,0.5,1.0,25.0
587.5,56.0,58.0,0.5,1.0,25.0
588.0,72.0,67.0,4.0,0.0,26.0
588.5,54.0,56.0,0.5,1.0,26.0
589.0,42.0,49.0,0.5,1.0,26.0
589.5,54.0,56.0,0.5,1.0,26.0
590.0,42.0,49.0,0.5,1.0,26.0
590.5,54.0,56.0,0.5,1.0,26.0
591.0,42.0,49.0,0.5,1.0,26.0
591.5,54.0,56.0,0.5,1.0,26.0
592.0,71.0,66.0,1.0,0.0,27.0
593.0,62.0,61.0,1.0,1.0,27.0
594.0,79.0,71.0,2.0,0.0,27.0
595.0,62.0,61.0,1.0,1.0,27.0
596.0,55.0,57.0,1.0,1.0,28.0
597.0,63.0,62.0,1.0,1.0,28.0
598.0,79.0,71.0,2.0,0.0,28.0
599.0,63.0,62.0,1.0,1.0,28.0
600.0,65.0,63.0,1.0,1.0,29.0
600.5,77.0,70.0,0.5,0.0,29.0
601.0,74.0,68.0,0.5,0.0,29.0
601.5,71.0,66.0,0.5,0.0,29.0
602.0,67.0,64.0,0.5,0.0,29.0
602.5,65.0,63.0,0.5,0.0,29.0
603.0,62.0,61.0,0.5,0.0,29.0
603.5,59.0,59.0,0.5,0.0,29.0
604.0,60.0,60.0,0.5,0.0,30.0
604.5,63.0,62.0,0.5,0.0,30.0
605.0,60.0,60.0,0.5,0.0,30.0
605.5,55.0,57.0,0.5,0.0,30.0
606.0,54.0,56.0,0.5,0.0,30.0
606.5,60.0,60.0,0.5,0.0,30.0
607.0,56.0,58.0,0.5,0.0,30.0
607.5,54.0,56.0,0.5,0.0,30.0
608.0,55.0,57.0,1.0,0.0,31.0
609.0,62.0,61.0,1.0,1.0,31.0
610.0,79.0,71.0,2.0,0.0,31.0
611.0,62.0,61.0,1.0,1.0,31.0
612.0,55.0,57.0,1.0,1.0,32.0
613.0,63.0,62.0,1.0,1.0,32.0
614.0,79.0,71.0,2.0,0.0,32.0
615.0,63.0,62.0,1.0,1.0,32.0
616.0,65.0,63.0,1.0,1.0,33.0
616.5,77.0,70.0,0.5,0.0,33.0
617.0,74.0,68.0,0.5,0.0,33.0
617.5,71.0,66.0,0.5,0.0,33.0
618.0,67.0,64.0,0.5,0.0,33.0
618.5,65.0,63.0,0.5,0.0,33.0
619.0,62.0,61.0,0.5,0.0,33.0
619.5,59.0,59.0,0.5,0.0,33.0
620.0,60.0,60.0,0.5,0.0,34.0
620.5,63.0,62.0,0.5,0.0,34.0
621.0,60.0,60.0,0.5,0.0,34.0
621.5,55.0,57.0,0.5,0.0,34.0
622.0,54.0,56.0,0.5,0.0,34.0
622.5,60.0,60.0,0.5,0.0,34.0
623.0,56.0,58.0,0.5,0.0,34.0
623.5,54.0,56.0,0.5,0.0,34.0
624.0,55.0,57.0,1.0,0.0,35.0
624.5,43.0,50.0,0.5,1.0,35.0
625.0,66.0,63.0,1.0,0.0,35.0
625.5,43.0,50.0,0.5,1.0,35.0
626.0,67.0,64.0,1.0,0.0,35.0
626.5,43.0,50.0,0.5,1.0,35.0
627.0,72.0,67.0,1.0,0.0,35.0
627.5,43.0,50.0,0.5,1.0,35.0
628.0,71.0,66.0,1.0,0.0,36.0
628.5,43.0,50.0,0.5,1.0,36.0
629.0,78.0,70.0,1.0,0.0,36.0
629.5,43.0,50.0,0.5,1.0,36.0
630.0,79.0,71.0,1.0,0.0,36.0
630.5,43.0,50.0,0.5,1.0,36.0
631.0,84.0,74.0,1.0,0.0,36.0
631.5,43.0,50.0,0.5,1.0,36.0
632.0,83.0,73.0,1.0,0.0,37.0
632.5,43.0,50.0,0.5,1.0,37.0
633.0,31.0,43.0,0.5,1.0,37.0
633.5,43.0,50.0,0.5,1.0,37.0
634.0,31.0,43.0,0.5,1.0,37.0
634.5,43.0,50.0,0.5,1.0,37.0
635.0,31.0,43.0,0.5,1.0,37.0
635.5,43.0,50.0,0.5,1.0,37.0
636.0,63.0,62.0,4.0,0.0,38.0
636.5,43.0,50.0,0.5,1.0,38.0
637.0,31.0,43.0,0.5,1.0,38.0
637.5,43.0,50.0,0.5,1.0,38.0
638.0,31.0,43.0,0.5,1.0,38.0
638.5,43.0,50.0,0.5,1.0,38.0
639.0,31.0,43.0,0.5,1.0,38.0
639.5,43.0,50.0,0.5,1.0,38.0
640.0,32.0,44.0,0.5,1.0,39.0
640.5,44.0,51.0,0.5,1.0,39.0
641.0,73.0,68.0,1.0,0.0,39.0
641.5,44.0,51.0,0.5,1.0,39.0
642.0,72.0,67.0,1.0,0.0,39.0
642.5,44.0,51.0,0.5,1.0,39.0
643.0,79.0,71.0,1.0,0.0,39.0
643.5,44.0,51.0,0.5,1.0,39.0
644.0,80.0,72.0,1.0,0.0,40.0
644.5,44.0,51.0,0.5,1.0,40.0
645.0,85.0,75.0,1.0,0.0,40.0
645.5,44.0,51.0,0.5,1.0,40.0
646.0,84.0,74.0,1.0,0.0,40.0
646.5,44.0,51.0,0.5,1.0,40.0
647.0,85.0,75.0,1.0,0.0,40.0
647.5,44.0,51.0,0.5,1.0,40.0
648.0,84.0,74.0,1.0,0.0,41.0
648.5,44.0,51.0,0.5,1.0,41.0
649.0,32.0,44.0,0.5,1.0,41.0
649.5,44.0,51.0,0.5,1.0,41.0
650.0,32.0,44.0,0.5,1.0,41.0
650.5,44.0,51.0,0.5,1.0,41.0
651.0,32.0,44.0,0.5,1.0,41.0
651.5,44.0,51.0,0.5,1.0,41.0
652.0,66.0,64.0,4.0,0.0,42.0
652.5,45.0,51.0,0.5,1.0,42.0
653.0,33.0,44.0,0.5,1.0,42.0
653.5,45.0,51.0,0.5,1.0,42.0
654.0,33.0,44.0,0.5,1.0,42.0
654.5,45.0,51.0,0.5,1.0,42.0
655.0,33.0,44.0,0.5,1.0,42.0
655.5,45.0,51.0,0.5,1.0,42.0
656.0,65.0,63.0,1.0,0.0,43.0
656.5,46.0,52.0,0.5,1.0,43.0
657.0,75.0,69.0,1.0,0.0,43.0
657.5,46.0,52.0,0.5,1.0,43.0
658.0,74.0,68.0,1.0,0.0,43.0
658.5,46.0,52.0,0.5,1.0,43.0
659.0,81.0,72.0,1.0,0.0,43.0
659.5,46.0,52.0,0.5,1.0,43.0
660.0,82.0,73.0,1.0,0.0,44.0
660.5,46.0,52.0,0.5,1.0,44.0
661.0,87.0,76.0,1.0,0.0,44.0
661.5,46.0,52.0,0.5,1.0,44.0
662.0,86.0,75.0,1.0,0.0,44.0
662.5,46.0,52.0,0.5,1.0,44.0
663.0,87.0,76.0,1.0,0.0,44.0
663.5,46.0,52.0,0.5,1.0,44.0
664.0,86.0,75.0,1.0,0.0,45.0
664.5,46.0,52.0,0.5,1.0,45.0
665.0,34.0,45.0,0.5,1.0,45.0
665.5,46.0,52.0,0.5,1.0,45.0
666.0,81.0,72.0,2.0,0.0,45.0
666.5,46.0,52.0,0.5,1.0,45.0
667.0,34.0,45.0,0.5,1.0,45.0
667.5,46.0,52.0,0.5,1.0,45.0
668.0,82.0,73.0,1.0,0.0,46.0
668.5,46.0,52.0,0.5,1.0,46.0
669.0,34.0,45.0,0.5,1.0,46.0
669.5,46.0,52.0,0.5,1.0,46.0
670.0,75.0,69.0,2.0,0.0,46.0
670.5,46.0,52.0,0.5,1.0,46.0
671.0,34.0,45.0,0.5,1.0,46.0
671.5,46.0,52.0,0.5,1.0,46.0
672.0,74.0,68.0,1.0,0.0,47.0
672.5,46.0,52.0,0.5,1.0,47.0
673.0,34.0,45.0,0.5,1.0,47.0
673.5,46.0,52.0,0.5,1.0,47.0
674.0,69.0,65.0,2.0,0.0,47.0
674.5,46.0,52.0,0.5,1.0,47.0
675.0,34.0,45.0,0.5,1.0,47.0
675.5,46.0,52.0,0.5,1.0,47.0
676.0,70.0,66.0,1.0,0.0,48.0
676.5,46.0,52.0,0.5,1.0,48.0
677.0,34.0,45.0,0.5,1.0,48.0
677.5,46.0,52.0,0.5,1.0,48.0
678.0,63.0,62.0,2.0,0.0,48.0
678.5,46.0,52.0,0.5,1.0,48.0
679.0,34.0,45.0,0.5,1.0,48.0
679.5,46.0,52.0,0.5,1.0,48.0
680.0,62.0,61.0,1.0,0.0,49.0
681.0,57.0,58.0,1.0,0.0,49.0
682.0,58.0,59.0,1.0,0.0,49.0
683.0,57.0,58.0,1.0,0.0,49.0
684.0,58.0,59.0,1.0,0.0,50.0
685.0,57.0,58.0,1.0,0.0,50.0
686.0,58.0,59.0,1.0,0.0,50.0
687.0,57.0,58.0,1.0,0.0,50.0
688.0,58.0,59.0,4.0,1.0,51.0
689.0,66.0,64.0,1.0,1.0,51.0
690.0,66.0,64.0,1.0,1.0,51.0
691.0,66.0,64.0,1.0,1.0,51.0
692.0,58.0,59.0,4.0,1.0,52.0
693.0,70.0,66.0,1.0,0.0,52.0
694.0,75.0,69.0,1.0,0.0,52.0
695.0,77.0,70.0,1.0,0.0,52.0
696.0,78.0,71.0,3.0,0.0,53.0
697.0,66.0,64.0,1.0,1.0,53.0
698.0,66.0,64.0,1.0,1.0,53.0
699.0,75.0,69.0,1.0,0.0,53.0
700.0,78.0,71.0,3.0,0.0,54.0
701.0,66.0,64.0,1.0,1.0,54.0
702.0,66.0,64.0,1.0,1.0,54.0
703.0,75.0,69.0,1.0,0.0,54.0
704.0,74.0,68.0,1.0,0.0,55.0
705.0,68.0,65.0,1.0,1.0,55.0
706.0,68.0,65.0,1.0,1.0,55.0
707.0,68.0,65.0,1.0,1.0,55.0
708.0,58.0,59.0,4.0,1.0,56.0
709.0,70.0,66.0,1.0,0.0,56.0
710.0,80.0,72.0,1.0,0.0,56.0
711.0,78.0,71.0,1.0,0.0,56.0
712.0,78.0,71.0,1.0,0.0,57.0
713.0,77.0,70.0,1.0,0.0,57.0
714.0,77.0,70.0,1.0,0.0,57.0
715.0,75.0,69.0,1.0,0.0,57.0
716.0,75.0,69.0,1.0,0.0,58.0
717.0,74.0,68.0,1.0,0.0,58.0
718.0,72.0,67.0,1.0,0.0,58.0
719.0,74.0,68.0,1.0,0.0,58.0
720.0,75.0,69.0,1.0,0.0,59.0
721.0,66.0,64.0,1.0,1.0,59.0
722.0,66.0,64.0,1.0,1.0,59.0
723.0,66.0,64.0,1.0,1.0,59.0
724.0,58.0,59.0,4.0,1.0,60.0
725.0,70.0,66.0,1.0,0.0,60.0
726.0,75.0,69.0,1.0,0.0,60.0
727.0,77.0,70.0,1.0,0.0,60.0
728.0,78.0,71.0,3.0,0.0,61.0
729.0,66.0,64.0,1.0,1.0,61.0
730.0,66.0,64.0,1.0,1.0,61.0
731.0,75.0,69.0,1.0,0.0,61.0
732.0,78.0,71.0,3.0,0.0,62.0
733.0,66.0,64.0,1.0,1.0,62.0
734.0,66.0,64.0,1.0,1.0,62.0
735.0,75.0,69.0,1.0,0.0,62.0
736.0,72.0,67.0,1.0,0.0,63.0
737.0,66.0,64.0,1.0,1.0,63.0
738.0,66.0,64.0,1.0,1.0,63.0
739.0,66.0,64.0,1.0,1.0,63.0
740.0,56.0,58.0,4.0,1.0,64.0
741.0,68.0,65.0,1.0,0.0,64.0
742.0,78.0,71.0,1.0,0.0,64.0
743.0,77.0,70.0,1.0,0.0,64.0
744.0,77.0,70.0,1.0,0.0,65.0
745.0,75.0,69.0,1.0,0.0,65.0
746.0,75.0,69.0,1.0,0.0,65.0
747.0,73.0,68.0,1.0,0.0,65.0
748.0,73.0,68.0,1.0,0.0,66.0
749.0,72.0,67.0,1.0,0.0,66.0
750.0,70.0,66.0,1.0,0.0,66.0
751.0,72.0,67.0,1.0,0.0,66.0
752.0,73.0,68.0,1.0,0.0,67.0
753.0,65.0,63.0,1.0,1.0,67.0
754.0,65.0,63.0,1.0,1.0,67.0
755.0,65.0,63.0,1.0,1.0,67.0
756.0,56.0,58.0,4.0,1.0,68.0
757.0,68.0,65.0,1.0,0.0,68.0
758.0,73.0,68.0,1.0,0.0,68.0
759.0,75.0,69.0,1.0,0.0,68.0
760.0,77.0,70.0,3.0,0.0,69.0
761.0,65.0,63.0,1.0,1.0,69.0
762.0,65.0,63.0,1.0,1.0,69.0
763.0,73.0,68.0,1.0,0.0,69.0
764.0,77.0,70.0,3.0,0.0,70.0
765.0,65.0,63.0,1.0,1.0,70.0
766.0,65.0,63.0,1.0,1.0,70.0
767.0,73.0,68.0,1.0,0.0,70.0
768.0,72.0,67.0,1.0,0.0,71.0
769.0,66.0,64.0,1.0,1.0,71.0
770.0,66.0,64.0,1.0,1.0,71.0
771.0,66.0,64.0,1.0,1.0,71.0
772.0,56.0,58.0,4.0,1.0,72.0
773.0,68.0,65.0,1.0,0.0,72.0
774.0,78.0,71.0,1.0,0.0,72.0
775.0,77.0,70.0,1.0,0.0,72.0
776.0,77.0,70.0,1.0,0.0,73.0
777.0,75.0,69.0,1.0,0.0,73.0
778.0,75.0,69.0,1.0,0.0,73.0
779.0,73.0,68.0,1.0,0.0,73.0
780.0,73.0,68.0,1.0,0.0,74.0
781.0,72.0,67.0,1.0,0.0,74.0
782.0,70.0,66.0,1.0,0.0,74.0
783.0,72.0,67.0,1.0,0.0,74.0
784.0,73.0,68.0,1.0,0.0,75.0
785.0,68.0,65.0,1.0,1.0,75.0
786.0,59.0,60.0,2.0,1.0,75.0
787.0,68.0,65.0,1.0,1.0,75.0
788.0,58.0,59.0,4.0,1.0,76.0
789.0,70.0,66.0,1.0,0.0,76.0
790.0,80.0,72.0,1.0,0.0,76.0
791.0,78.0,71.0,1.0,0.0,76.0
792.0,78.0,71.0,1.0,0.0,77.0
793.0,77.0,70.0,1.0,0.0,77.0
794.0,77.0,70.0,1.0,0.0,77.0
795.0,75.0,69.0,1.0,0.0,77.0
796.0,75.0,69.0,1.0,0.0,78.0
797.0,74.0,68.0,1.0,0.0,78.0
798.0,72.0,67.0,1.0,0.0,78.0
799.0,74.0,68.0,1.0,0.0,78.0
800.0,75.0,69.0,1.0,0.0,79.0
801.0,70.0,66.0,1.0,1.0,79.0
802.0,61.0,61.0,2.0,1.0,79.0
803.0,70.0,66.0,1.0,1.0,79.0
804.0,60.0,60.0,4.0,1.0,80.0
805.0,72.0,67.0,1.0,0.0,80.0
806.0,82.0,73.0,1.0,0.0,80.0
807.0,80.0,72.0,1.0,0.0,80.0
808.0,80.0,72.0,1.0,0.0,81.0
809.0,79.0,71.0,1.0,0.0,81.0
810.0,79.0,71.0,1.0,0.0,81.0
811.0,77.0,70.0,1.0,0.0,81.0
812.0,77.0,70.0,1.0,0.0,82.0
813.0,76.0,69.0,1.0,0.0,82.0
814.0,74.0,68.0,1.0,0.0,82.0
815.0,76.0,69.0,1.0,0.0,82.0
816.0,79.0,71.0,1.0,0.0,83.0
817.0,77.0,70.0,1.0,0.0,83.0
818.0,77.0,70.0,1.0,0.0,83.0
819.0,75.0,69.0,1.0,0.0,83.0
820.0,75.0,69.0,1.0,0.0,84.0
821.0,74.0,68.0,1.0,0.0,84.0
822.0,72.0,67.0,1.0,0.0,84.0
823.0,74.0,68.0,1.0,0.0,84.0
824.0,77.0,70.0,1.0,0.0,85.0
825.0,75.0,69.0,1.0,0.0,85.0
826.0,75.0,69.0,1.0,0.0,85.0
827.0,74.0,68.0,1.0,0.0,85.0
828.0,74.0,68.0,1.0,0.0,86.0
829.0,72.0,67.0,1.0,0.0,86.0
830.0,72.0,67.0,1.0,0.0,86.0
831.0,71.0,66.0,1.0,0.0,86.0
832.0,72.0,67.0,1.0,0.0,87.0
833.0,70.0,66.0,1.0,0.0,87.0
834.0,70.0,66.0,1.0,0.0,87.0
835.0,70.0,66.0,1.0,0.0,87.0
836.0,72.0,67.0,1.0,0.0,88.0
837.0,70.0,66.0,1.0,0.0,88.0
838.0,70.0,66.0,1.0,0.0,88.0
839.0,70.0,66.0,1.0,0.0,88.0
840.0,51.0,55.0,6.0,1.0,89.0
840.5,63.0,62.0,0.5,0.0,89.0
841.0,67.0,64.0,0.5,0.0,89.0
841.5,63.0,62.0,0.5,0.0,89.0
842.0,75.0,69.0,4.0,0.0,89.0
842.5,63.0,62.0,0.5,0.0,89.0
843.0,67.0,64.0,0.5,0.0,89.0
843.5,63.0,62.0,0.5,0.0,89.0
844.0,75.0,69.0,2.0,0.0,90.0
844.5,63.0,62.0,0.5,0.0,90.0
845.0,67.0,64.0,0.5,0.0,90.0
845.5,63.0,62.0,0.5,0.0,90.0
846.0,75.0,69.0,2.0,0.0,90.0
846.5,63.0,62.0,0.5,0.0,90.0
847.0,67.0,64.0,0.5,0.0,90.0
847.5,63.0,62.0,0.5,0.0,90.0
848.0,49.0,54.0,6.0,1.0,91.0
848.5,63.0,62.0,0.5,0.0,91.0
849.0,67.0,64.0,0.5,0.0,91.0
849.5,63.0,62.0,0.5,0.0,91.0
850.0,75.0,69.0,4.0,0.0,91.0
850.5,63.0,62.0,0.5,0.0,91.0
851.0,67.0,64.0,0.5,0.0,91.0
851.5,63.0,62.0,0.5,0.0,91.0
852.0,75.0,69.0,2.0,0.0,92.0
852.5,63.0,62.0,0.5,0.0,92.0
853.0,67.0,64.0,0.5,0.0,92.0
853.5,63.0,62.0,0.5,0.0,92.0
854.0,75.0,69.0,2.0,0.0,92.0
854.5,63.0,62.0,0.5,0.0,92.0
855.0,67.0,64.0,0.5,0.0,92.0
855.5,63.0,62.0,0.5,0.0,92.0
856.0,75.0,69.0,0.5,0.0,93.0
856.5,63.0,62.0,0.5,0.0,93.0
857.0,68.0,65.0,0.5,0.0,93.0
857.5,63.0,62.0,0.5,0.0,93.0
858.0,76.0,69.0,0.5,0.0,93.0
858.5,64.0,62.0,0.5,0.0,93.0
859.0,72.0,67.0,0.5,0.0,93.0
859.5,64.0,62.0,0.5,0.0,93.0
860.0,77.0,70.0,0.5,0.0,94.0
860.5,65.0,63.0,0.5,0.0,94.0
861.0,72.0,67.0,0.5,0.0,94.0
861.5,65.0,63.0,0.5,0.0,94.0
862.0,79.0,71.0,0.5,0.0,94.0
862.5,67.0,64.0,0.5,0.0,94.0
863.0,72.0,67.0,0.5,0.0,94.0
863.5,67.0,64.0,0.5,0.0,94.0
864.0,80.0,72.0,0.5,0.0,95.0
864.5,68.0,65.0,0.5,0.0,95.0
865.0,72.0,67.0,0.5,0.0,95.0
865.5,68.0,65.0,0.5,0.0,95.0
866.0,81.0,72.0,0.5,0.0,95.0
866.5,69.0,65.0,0.5,0.0,95.0
867.0,72.0,67.0,0.5,0.0,95.0
867.5,69.0,65.0,0.5,0.0,95.0
868.0,82.0,73.0,0.5,0.0,96.0
868.5,70.0,66.0,0.5,0.0,96.0
869.0,77.0,70.0,0.5,0.0,96.0
869.5,70.0,66.0,0.5,0.0,96.0
870.0,84.0,74.0,0.5,0.0,96.0
870.5,72.0,67.0,0.5,0.0,96.0
871.0,77.0,70.0,0.5,0.0,96.0
871.5,72.0,67.0,0.5,0.0,96.0
872.0,85.0,75.0,0.5,0.0,97.0
872.5,73.0,68.0,0.5,0.0,97.0
873.0,77.0,70.0,0.5,0.0,97.0
873.5,73.0,68.0,0.5,0.0,97.0
874.0,86.0,75.0,0.5,0.0,97.0
874.5,74.0,68.0,0.5,0.0,97.0
875.0,77.0,70.0,0.5,0.0,97.0
875.5,74.0,68.0,0.5,0.0,97.0
876.0,87.0,76.0,0.5,0.0,98.0
876.5,75.0,69.0,0.5,0.0,98.0
877.0,79.0,71.0,0.5,0.0,98.0
877.5,75.0,69.0,0.5,0.0,98.0
878.0,83.0,73.0,0.5,0.0,98.0
878.5,71.0,66.0,0.5,0.0,98.0
879.0,75.0,69.0,0.5,0.0,98.0
879.5,71.0,66.0,0.5,0.0,98.0
880.0,44.0,51.0,1.0,1.0,99.0
880.5,72.0,67.0,0.5,0.0,99.0
881.0,75.0,69.0,0.5,0.0,99.0
881.5,72.0,67.0,0.5,0.0,99.0
882.0,84.0,74.0,0.5,0.0,99.0
882.5,72.0,67.0,0.5,0.0,99.0
883.0,75.0,69.0,0.5,0.0,99.0
883.5,72.0,67.0,0.5,0.0,99.0
884.0,46.0,52.0,1.0,1.0,100.0
884.5,65.0,63.0,0.5,0.0,100.0
885.0,68.0,65.0,0.5,0.0,100.0
885.5,65.0,63.0,0.5,0.0,100.0
886.0,74.0,68.0,0.5,0.0,100.0
886.5,65.0,63.0,0.5,0.0,100.0
887.0,68.0,65.0,0.5,0.0,100.0
887.5,65.0,63.0,0.5,0.0,100.0
888.0,51.0,55.0,6.0,1.0,101.0
888.5,63.0,62.0,0.5,0.0,101.0
889.0,67.0,64.0,0.5,0.0,101.0
889.5,63.0,62.0,0.5,0.0,101.0
890.0,75.0,69.0,4.0,0.0,101.0
890.5,63.0,62.0,0.5,0.0,101.0
891.0,67.0,64.0,0.5,0.0,101.0
891.5,63.0,62.0,0.5,0.0,101.0
892.0,75.0,69.0,2.0,0.0,102.0
892.5,63.0,62.0,0.5,0.0,102.0
893.0,67.0,64.0,0.5,0.0,102.0
893.5,63.0,62.0,0.5,0.0,102.0
894.0,75.0,69.0,2.0,0.0,102.0
894.5,63.0,62.0,0.5,0.0,102.0
895.0,67.0,64.0,0.5,0.0,102.0
895.5,63.0,62.0,0.5,0.0,102.0
896.0,49.0,54.0,4.0,1.0,103.0
896.5,63.0,62.0,0.5,0.0,103.0
897.0,67.0,64.0,0.5,0.0,103.0
897.5,63.0,62.0,0.5,0.0,103.0
898.0,75.0,69.0,4.0,0.0,103.0
898.5,63.0,62.0,0.5,0.0,103.0
899.0,67.0,64.0,0.5,0.0,103.0
899.5,63.0,62.0,0.5,0.0,103.0
900.0,75.0,69.0,2.0,0.0,104.0
900.5,63.0,62.0,0.5,0.0,104.0
901.0,67.0,64.0,0.5,0.0,104.0
901.5,63.0,62.0,0.5,0.0,104.0
902.0,75.0,69.0,2.0,0.0,104.0
902.5,63.0,62.0,0.5,0.0,104.0
903.0,67.0,64.0,0.5,0.0,104.0
903.5,63.0,62.0,0.5,0.0,104.0
904.0,75.0,69.0,0.5,0.0,105.0
904.5,63.0,62.0,0.5,0.0,105.0
905.0,68.0,65.0,0.5,0.0,105.0
905.5,63.0,62.0,0.5,0.0,105.0
906.0,76.0,69.0,0.5,0.0,105.0
906.5,64.0,62.0,0.5,0.0,105.0
907.0,72.0,67.0,0.5,0.0,105.0
907.5,64.0,62.0,0.5,0.0,105.0
908.0,77.0,70.0,0.5,0.0,106.0
908.5,65.0,63.0,0.5,0.0,106.0
909.0,72.0,67.0,0.5,0.0,106.0
909.5,65.0,63.0,0.5,0.0,106.0
910.0,79.0,71.0,0.5,0.0,106.0
910.5,67.0,64.0,0.5,0.0,106.0
911.0,72.0,67.0,0.5,0.0,106.0
911.5,67.0,64.0,0.5,0.0,106.0
912.0,80.0,72.0,0.5,0.0,107.0
912.5,68.0,65.0,0.5,0.0,107.0
913.0,72.0,67.0,0.5,0.0,107.0
913.5,68.0,65.0,0.5,0.0,107.0
914.0,81.0,72.0,0.5,0.0,107.0
914.5,69.0,65.0,0.5,0.0,107.0
915.0,72.0,67.0,0.5,0.0,107.0
915.5,69.0,65.0,0.5,0.0,107.0
916.0,82.0,73.0,0.5,0.0,108.0
916.5,70.0,66.0,0.5,0.0,108.0
917.0,77.0,70.0,0.5,0.0,108.0
917.5,70.0,66.0,0.5,0.0,108.0
918.0,84.0,74.0,0.5,0.0,108.0
918.5,72.0,67.0,0.5,0.0,108.0
919.0,77.0,70.0,0.5,0.0,108.0
919.5,72.0,67.0,0.5,0.0,108.0
920.0,85.0,75.0,0.5,0.0,109.0
920.5,73.0,68.0,0.5,0.0,109.0
921.0,77.0,70.0,0.5,0.0,109.0
921.5,73.0,68.0,0.5,0.0,109.0
922.0,86.0,75.0,0.5,0.0,109.0
922.5,74.0,68.0,0.5,0.0,109.0
923.0,77.0,70.0,0.5,0.0,109.0
923.5,74.0,68.0,0.5,0.0,109.0
924.0,87.0,76.0,0.5,0.0,110.0
924.5,75.0,69.0,0.5,0.0,110.0
925.0,82.0,73.0,0.5,0.0,110.0
925.5,75.0,69.0,0.5,0.0,110.0
926.0,88.0,76.0,0.5,0.0,110.0
926.5,76.0,69.0,0.5,0.0,110.0
927.0,82.0,73.0,0.5,0.0,110.0
927.5,76.0,69.0,0.5,0.0,110.0
928.0,44.0,51.0,1.0,1.0,111.0
928.5,80.0,72.0,0.5,0.0,111.0
929.0,84.0,74.0,0.5,0.0,111.0
929.5,80.0,72.0,0.5,0.0,111.0
930.0,89.0,77.0,0.5,0.0,111.0
930.5,80.0,72.0,0.5,0.0,111.0
931.0,84.0,74.0,0.5,0.0,111.0
931.5,80.0,72.0,0.5,0.0,111.0
932.0,46.0,52.0,1.0,1.0,112.0
932.5,77.0,70.0,0.5,0.0,112.0
933.0,80.0,72.0,0.5,0.0,112.0
933.5,77.0,70.0,0.5,0.0,112.0
934.0,86.0,75.0,0.5,0.0,112.0
934.5,77.0,70.0,0.5,0.0,112.0
935.0,80.0,72.0,0.5,0.0,112.0
935.5,77.0,70.0,0.5,0.0,112.0
936.0,79.0,71.0,1.0,0.0,113.0
937.0,87.0,76.0,2.0,0.0,113.0
938.0,67.0,64.0,1.0,1.0,113.0
939.0,86.0,75.0,0.5,0.0,113.0
939.5,87.0,76.0,0.5,0.0,113.0
940.0,89.0,77.0,0.5,0.0,114.0
940.5,87.0,76.0,0.5,0.0,114.0
941.0,86.0,75.0,0.5,0.0,114.0
941.5,84.0,74.0,0.5,0.0,114.0
942.0,83.0,73.0,0.5,0.0,114.0
942.5,84.0,74.0,0.5,0.0,114.0
943.0,86.0,75.0,0.5,0.0,114.0
943.5,84.0,74.0,0.5,0.0,114.0
944.0,82.0,73.0,0.5,0.0,115.0
944.5,80.0,72.0,0.5,0.0,115.0
945.0,79.0,71.0,0.5,0.0,115.0
945.5,77.0,70.0,0.5,0.0,115.0
946.0,76.0,69.0,0.5,0.0,115.0
946.5,77.0,70.0,0.5,0.0,115.0
947.0,79.0,71.0,0.5,0.0,115.0
947.5,77.0,70.0,0.5,0.0,115.0
948.0,75.0,69.0,0.5,0.0,116.0
948.5,74.0,68.0,0.5,0.0,116.0
949.0,72.0,67.0,0.5,0.0,116.0
949.5,70.0,66.0,0.5,0.0,116.0
950.0,69.0,65.0,0.5,0.0,116.0
950.5,70.0,66.0,0.5,0.0,116.0
951.0,72.0,67.0,0.5,0.0,116.0
951.5,68.0,65.0,0.5,0.0,116.0
952.0,67.0,64.0,1.0,0.0,117.0
953.0,87.0,76.0,2.0,0.0,117.0
954.0,63.0,62.0,1.0,1.0,117.0
955.0,86.0,75.0,0.5,0.0,117.0
955.5,87.0,76.0,0.5,0.0,117.0
956.0,89.0,77.0,0.5,0.0,118.0
956.5,87.0,76.0,0.5,0.0,118.0
957.0,86.0,75.0,0.5,0.0,118.0
957.5,84.0,74.0,0.5,0.0,118.0
958.0,83.0,73.0,0.5,0.0,118.0
958.5,84.0,74.0,0.5,0.0,118.0
959.0,86.0,75.0,0.5,0.0,118.0
959.5,84.0,74.0,0.5,0.0,118.0
960.0,82.0,73.0,0.5,0.0,119.0
960.5,80.0,72.0,0.5,0.0,119.0
961.0,79.0,71.0,0.5,0.0,119.0
961.5,77.0,70.0,0.5,0.0,119.0
962.0,76.0,69.0,0.5,0.0,119.0
962.5,77.0,70.0,0.5,0.0,119.0
963.0,79.0,71.0,0.5,0.0,119.0
963.5,77.0,70.0,0.5,0.0,119.0
964.0,75.0,69.0,0.5,0.0,120.0
964.5,74.0,68.0,0.5,0.0,120.0
965.0,72.0,67.0,0.5,0.0,120.0
965.5,70.0,66.0,0.5,0.0,120.0
966.0,69.0,65.0,0.5,0.0,120.0
966.5,70.0,66.0,0.5,0.0,120.0
967.0,72.0,67.0,0.5,0.0,120.0
967.5,70.0,66.0,0.5,0.0,120.0
968.0,75.0,69.0,1.0,0.0,121.0
968.5,51.0,55.0,0.5,1.0,121.0
969.0,63.0,62.0,2.0,0.0,121.0
969.5,51.0,55.0,0.5,1.0,121.0
970.0,39.0,48.0,0.5,1.0,121.0
970.5,51.0,55.0,0.5,1.0,121.0
971.0,67.0,64.0,1.0,0.0,121.0
971.5,51.0,55.0,0.5,1.0,121.0
972.0,68.0,65.0,1.0,0.0,122.0
972.5,51.0,55.0,0.5,1.0,122.0
973.0,70.0,66.0,1.0,0.0,122.0
973.5,51.0,55.0,0.5,1.0,122.0
974.0,72.0,67.0,1.0,0.0,122.0
974.5,51.0,55.0,0.5,1.0,122.0
975.0,74.0,68.0,1.0,0.0,122.0
975.5,51.0,55.0,0.5,1.0,122.0
976.0,75.0,69.0,1.0,0.0,123.0
976.5,51.0,55.0,0.5,1.0,123.0
977.0,75.0,69.0,2.0,0.0,123.0
977.5,51.0,55.0,0.5,1.0,123.0
978.0,39.0,48.0,0.5,1.0,123.0
978.5,51.0,55.0,0.5,1.0,123.0
979.0,79.0,71.0,1.0,0.0,123.0
979.5,51.0,55.0,0.5,1.0,123.0
980.0,80.0,72.0,1.0,0.0,124.0
980.5,51.0,55.0,0.5,1.0,124.0
981.0,82.0,73.0,1.0,0.0,124.0
981.5,51.0,55.0,0.5,1.0,124.0
982.0,84.0,74.0,1.0,0.0,124.0
982.5,51.0,55.0,0.5,1.0,124.0
983.0,86.0,75.0,1.0,0.0,124.0
983.5,51.0,55.0,0.5,1.0,124.0
984.0,87.0,76.0,4.0,0.0,125.0
984.5,51.0,55.0,0.5,1.0,125.0
985.0,39.0,48.0,0.5,1.0,125.0
985.5,51.0,55.0,0.5,1.0,125.0
986.0,39.0,48.0,0.5,1.0,125.0
986.5,51.0,55.0,0.5,1.0,125.0
987.0,39.0,48.0,0.5,1.0,125.0
987.5,51.0,55.0,0.5,1.0,125.0
988.0,75.0,69.0,4.0,0.0,126.0
988.5,50.0,54.0,0.5,1.0,126.0
989.0,38.0,47.0,0.5,1.0,126.0
989.5,50.0,54.0,0.5,1.0,126.0
990.0,38.0,47.0,0.5,1.0,126.0
990.5,50.0,54.0,0.5,1.0,126.0
991.0,38.0,47.0,0.5,1.0,126.0
991.5,50.0,54.0,0.5,1.0,126.0
992.0,87.0,76.0,4.0,0.0,127.0
992.5,48.0,53.0,0.5,1.0,127.0
993.0,36.0,46.0,0.5,1.0,127.0
993.5,48.0,53.0,0.5,1.0,127.0
994.0,36.0,46.0,0.5,1.0,127.0
994.5,48.0,53.0,0.5,1.0,127.0
995.0,36.0,46.0,0.5,1.0,127.0
995.5,48.0,53.0,0.5,1.0,127.0
996.0,75.0,69.0,4.0,0.0,128.0
996.5,46.0,52.0,0.5,1.0,128.0
997.0,34.0,45.0,0.5,1.0,128.0
997.5,46.0,52.0,0.5,1.0,128.0
998.0,34.0,45.0,0.5,1.0,128.0
998.5,46.0,52.0,0.5,1.0,128.0
999.0,34.0,45.0,0.5,1.0,128.0
999.5,46.0,52.0,0.5,1.0,128.0
1000.0,87.0,76.0,4.0,0.0,129.0
1000.5,44.0,51.0,0.5,1.0,129.0
1001.0,32.0,44.0,0.5,1.0,129.0
1001.5,44.0,51.0,0.5,1.0,129.0
1002.0,32.0,44.0,0.5,1.0,129.0
1002.5,44.0,51.0,0.5,1.0,129.0
1003.0,32.0,44.0,0.5,1.0,129.0
1003.5,44.0,51.0,0.5,1.0,129.0
1004.0,75.0,69.0,4.0,0.0,130.0
1004.5,43.0,50.0,0.5,1.0,130.0
1005.0,31.0,43.0,0.5,1.0,130.0
1005.5,43.0,50.0,0.5,1.0,130.0
1006.0,31.0,43.0,0.5,1.0,130.0
1006.5,43.0,50.0,0.5,1.0,130.0
1007.0,31.0,43.0,0.5,1.0,130.0
1007.5,43.0,50.0,0.5,1.0,130.0
1008.0,86.0,75.0,4.0,0.0,133.0
1012.0,62.0,61.0,4.0,0.0,134.0
1016.0,67.0,64.0,1.0,0.0,135.0
1017.375,67.0,64.0,0.125,0.0,135.0
1017.5,69.0,65.0,0.375,0.0,135.0
1017.875,70.0,66.0,0.125,0.0,135.0
1018.0,70.0,66.0,1.0,0.0,135.0
1019.0,69.0,65.0,0.5,0.0,135.0
1019.875,51.0,55.0,0.125,1.0,135.0
1020.0,72.0,67.0,1.0,0.0,136.0
1021.375,72.0,67.0,0.125,0.0,136.0
1021.5,74.0,68.0,0.375,0.0,136.0
1021.875,75.0,69.0,0.125,0.0,136.0
1022.0,75.0,69.0,1.0,0.0,136.0
1023.0,74.0,68.0,0.5,0.0,136.0
1023.875,51.0,55.0,0.125,1.0,136.0
1024.0,72.0,67.0,1.0,0.0,137.0
1025.375,72.0,67.0,0.125,0.0,137.0
1025.5,74.0,68.0,0.375,0.0,137.0
1025.875,75.0,68.0,0.125,0.0,137.0
1026.0,75.0,68.0,1.0,0.0,137.0
1026.5,59.0,59.0,1.0,1.0,137.0
1027.0,76.0,69.0,1.0,0.0,137.0
1027.5,59.0,59.0,0.5,1.0,137.0
1028.0,69.0,65.0,1.0,0.0,138.0
1028.5,47.0,52.0,1.0,1.0,138.0
1029.0,67.0,64.0,1.0,0.0,138.0
1029.5,47.0,52.0,1.0,1.0,138.0
1030.0,66.0,63.0,1.0,0.0,138.0
1030.5,35.0,45.0,1.0,1.0,138.0
1031.0,63.0,61.0,1.0,0.0,138.0
1031.5,35.0,45.0,0.5,1.0,138.0
1032.0,64.0,62.0,1.0,0.0,139.0
1032.5,52.0,55.0,0.5,1.0,139.0
1033.0,69.0,65.0,1.0,0.0,139.0
1033.5,52.0,55.0,0.5,1.0,139.0
1034.0,67.0,64.0,1.0,0.0,139.0
1034.5,52.0,55.0,0.5,1.0,139.0
1035.0,75.0,68.0,1.0,0.0,139.0
1035.5,52.0,55.0,0.5,1.0,139.0
1036.0,76.0,69.0,1.0,0.0,140.0
1036.5,52.0,55.0,0.5,1.0,140.0
1037.0,81.0,72.0,1.0,0.0,140.0
1037.5,52.0,55.0,0.5,1.0,140.0
1038.0,79.0,71.0,1.0,0.0,140.0
1038.5,52.0,55.0,0.5,1.0,140.0
1039.0,87.0,75.0,1.0,0.0,140.0
1039.5,52.0,55.0,0.5,1.0,140.0
1040.0,88.0,76.0,1.0,0.0,141.0
1041.0,59.0,59.0,1.0,1.0,141.0
1042.0,76.0,69.0,1.0,0.0,141.0
1043.0,59.0,59.0,1.0,1.0,141.0
1044.0,52.0,55.0,1.0,1.0,142.0
1045.0,76.0,69.0,1.0,0.0,142.0
1046.0,78.0,70.0,1.0,0.0,142.0
1047.0,79.0,71.0,1.0,0.0,142.0
1048.0,79.0,71.0,2.0,0.0,143.0
1049.0,60.0,60.0,1.0,1.0,143.0
1050.0,78.0,70.0,1.0,0.0,143.0
1051.0,60.0,60.0,1.0,1.0,143.0
1052.0,51.0,55.0,1.0,1.0,144.0
1053.0,78.0,70.0,1.0,0.0,144.0
1054.0,79.0,71.0,1.0,0.0,144.0
1055.0,81.0,72.0,1.0,0.0,144.0
1056.0,81.0,72.0,1.0,0.0,145.0
1056.5,50.0,54.0,0.5,1.0,145.0
1057.0,67.0,64.0,1.0,0.0,145.0
1057.5,50.0,54.0,0.5,1.0,145.0
1058.0,66.0,63.0,1.0,0.0,145.0
1058.5,50.0,54.0,0.5,1.0,145.0
1059.0,73.0,67.0,1.0,0.0,145.0
1059.5,50.0,54.0,0.5,1.0,145.0
1060.0,74.0,68.0,1.0,0.0,146.0
1060.5,50.0,54.0,0.5,1.0,146.0
1061.0,79.0,71.0,1.0,0.0,146.0
1061.5,50.0,54.0,0.5,1.0,146.0
1062.0,78.0,70.0,1.0,0.0,146.0
1062.5,50.0,54.0,0.5,1.0,146.0
1063.0,85.0,74.0,1.0,0.0,146.0
1063.5,50.0,54.0,0.5,1.0,146.0
1064.0,86.0,75.0,1.0,0.0,147.0
1065.0,60.0,60.0,1.0,1.0,147.0
1066.0,78.0,70.0,1.0,0.0,147.0
1067.0,60.0,60.0,1.0,1.0,147.0
1068.0,50.0,54.0,1.0,1.0,148.0
1069.0,78.0,70.0,1.0,0.0,148.0
1070.0,79.0,71.0,1.0,0.0,148.0
1071.0,81.0,72.0,1.0,0.0,148.0
1072.0,81.0,72.0,2.0,0.0,149.0
1073.0,58.0,59.0,1.0,1.0,149.0
1074.0,79.0,71.0,1.0,0.0,149.0
1075.0,58.0,59.0,1.0,1.0,149.0
1076.0,49.0,54.0,1.0,1.0,150.0
1077.0,79.0,71.0,1.0,0.0,150.0
1078.0,81.0,72.0,1.0,0.0,150.0
1079.0,82.0,73.0,1.0,0.0,150.0
1080.0,70.0,66.0,0.5,0.0,151.0
1080.5,82.0,73.0,0.5,0.0,151.0
1081.0,70.0,66.0,0.5,0.0,151.0
1081.5,82.0,73.0,0.5,0.0,151.0
1082.0,70.0,66.0,0.5,0.0,151.0
1082.5,82.0,73.0,0.5,0.0,151.0
1083.0,70.0,66.0,0.5,0.0,151.0
1083.5,82.0,73.0,0.5,0.0,151.0
1084.0,70.0,66.0,0.5,0.0,152.0
1084.5,82.0,73.0,0.5,0.0,152.0
1085.0,70.0,66.0,0.5,0.0,152.0
1085.5,82.0,73.0,0.5,0.0,152.0
1086.0,70.0,66.0,0.5,0.0,152.0
1086.5,82.0,73.0,0.5,0.0,152.0
1087.0,70.0,66.0,0.5,0.0,152.0
1087.5,82.0,73.0,0.5,0.0,152.0
1088.0,70.0,66.0,0.5,0.0,153.0
1088.5,82.0,73.0,0.5,0.0,153.0
1089.0,70.0,66.0,0.5,0.0,153.0
1089.5,82.0,73.0,0.5,0.0,153.0
1090.0,70.0,66.0,0.5,0.0,153.0
1090.5,82.0,73.0,0.5,0.0,153.0
1091.0,70.0,66.0,0.5,0.0,153.0
1091.5,82.0,73.0,0.5,0.0,153.0
1092.0,70.0,66.0,0.5,0.0,154.0
1092.5,82.0,73.0,0.5,0.0,154.0
1093.0,70.0,66.0,0.5,0.0,154.0
1093.5,82.0,73.0,0.5,0.0,154.0
1094.0,70.0,66.0,0.5,0.0,154.0
1094.5,82.0,73.0,0.5,0.0,154.0
1095.0,70.0,66.0,0.5,0.0,154.0
1095.5,82.0,73.0,0.5,0.0,154.0
1096.0,69.0,65.0,0.5,0.0,155.0
1096.5,81.0,72.0,0.5,0.0,155.0
1097.0,69.0,65.0,0.5,0.0,155.0
1097.5,81.0,72.0,0.5,0.0,155.0
1098.0,69.0,65.0,0.5,0.0,155.0
1098.5,81.0,72.0,0.5,0.0,155.0
1099.0,69.0,65.0,0.5,0.0,155.0
1099.5,81.0,72.0,0.5,0.0,155.0
1100.0,69.0,65.0,0.5,0.0,156.0
1100.5,81.0,72.0,0.5,0.0,156.0
1101.0,69.0,65.0,0.5,0.0,156.0
1101.5,81.0,72.0,0.5,0.0,156.0
1102.0,69.0,65.0,0.5,0.0,156.0
1102.5,81.0,72.0,0.5,0.0,156.0
1103.0,69.0,65.0,0.5,0.0,156.0
1103.5,81.0,72.0,0.5,0.0,156.0
1104.0,69.0,65.0,0.5,0.0,157.0
1104.5,81.0,72.0,0.5,0.0,157.0
1105.0,69.0,65.0,0.5,0.0,157.0
1105.5,81.0,72.0,0.5,0.0,157.0
1106.0,69.0,65.0,0.5,0.0,157.0
1106.5,81.0,72.0,0.5,0.0,157.0
1107.0,69.0,65.0,0.5,0.0,157.0
1107.5,81.0,72.0,0.5,0.0,157.0
1108.0,69.0,65.0,0.5,0.0,158.0
1108.5,81.0,72.0,0.5,0.0,158.0
1109.0,69.0,65.0,0.5,0.0,158.0
1109.5,81.0,72.0,0.5,0.0,158.0
1110.0,69.0,65.0,0.5,0.0,158.0
1110.5,81.0,72.0,0.5,0.0,158.0
1111.0,69.0,65.0,0.5,0.0,158.0
1111.5,81.0,72.0,0.5,0.0,158.0
1112.0,68.0,65.0,0.5,0.0,159.0
1112.5,80.0,72.0,0.5,0.0,159.0
1113.0,68.0,65.0,0.5,0.0,159.0
1113.5,80.0,72.0,0.5,0.0,159.0
1114.0,68.0,65.0,0.5,0.0,159.0
1114.5,80.0,72.0,0.5,0.0,159.0
1115.0,68.0,65.0,0.5,0.0,159.0
1115.5,80.0,72.0,0.5,0.0,159.0
1116.0,68.0,65.0,0.5,0.0,160.0
1116.5,80.0,72.0,0.5,0.0,160.0
1117.0,68.0,65.0,0.5,0.0,160.0
1117.5,80.0,72.0,0.5,0.0,160.0
1118.0,68.0,65.0,0.5,0.0,160.0
1118.5,80.0,72.0,0.5,0.0,160.0
1119.0,68.0,65.0,0.5,0.0,160.0
1119.5,80.0,72.0,0.5,0.0,160.0
1120.0,68.0,65.0,0.5,0.0,161.0
1120.5,80.0,72.0,0.5,0.0,161.0
1121.0,68.0,65.0,0.5,0.0,161.0
1121.5,80.0,72.0,0.5,0.0,161.0
1122.0,68.0,65.0,0.5,0.0,161.0
1122.5,80.0,72.0,0.5,0.0,161.0
1123.0,68.0,65.0,0.5,0.0,161.0
1123.5,80.0,72.0,0.5,0.0,161.0
1124.0,68.0,65.0,0.5,0.0,162.0
1124.5,80.0,72.0,0.5,0.0,162.0
1125.0,67.0,64.0,0.5,0.0,162.0
1125.5,79.0,71.0,0.5,0.0,162.0
1126.0,67.0,64.0,0.5,0.0,162.0
1126.5,79.0,71.0,0.5,0.0,162.0
1127.0,65.0,63.0,0.5,0.0,162.0
1127.5,77.0,70.0,0.5,0.0,162.0
1128.0,65.0,63.0,0.5,0.0,163.0
1128.5,77.0,70.0,0.5,0.0,163.0
1129.0,64.0,62.0,0.5,0.0,163.0
1129.5,76.0,69.0,0.5,0.0,163.0
1130.0,64.0,62.0,0.5,0.0,163.0
1130.5,76.0,69.0,0.5,0.0,163.0
1131.0,61.0,61.0,0.5,0.0,163.0
1131.5,73.0,68.0,0.5,0.0,163.0
1132.0,61.0,61.0,0.5,0.0,164.0
1132.5,73.0,68.0,0.5,0.0,164.0
1133.0,60.0,60.0,0.5,0.0,164.0
1133.5,72.0,67.0,0.5,0.0,164.0
1134.0,60.0,60.0,0.5,0.0,164.0
1134.5,72.0,67.0,0.5,0.0,164.0
1135.0,58.0,59.0,0.5,0.0,164.0
1135.5,70.0,66.0,0.5,0.0,164.0
1136.0,58.0,59.0,0.5,0.0,165.0
1136.5,70.0,66.0,0.5,0.0,165.0
1137.0,56.0,58.0,0.5,0.0,165.0
1137.5,68.0,65.0,0.5,0.0,165.0
1138.0,56.0,58.0,0.5,0.0,165.0
1138.5,68.0,65.0,0.5,0.0,165.0
1139.0,55.0,57.0,0.5,0.0,165.0
1139.5,67.0,64.0,0.5,0.0,165.0
1140.0,55.0,57.0,0.5,0.0,166.0
1140.5,67.0,64.0,0.5,0.0,166.0
1141.0,53.0,56.0,0.5,0.0,166.0
1141.5,65.0,63.0,0.5,0.0,166.0
1142.0,53.0,56.0,0.5,0.0,166.0
1142.5,65.0,63.0,0.5,0.0,166.0
1143.0,51.0,55.0,0.5,0.0,166.0
1143.5,63.0,62.0,0.5,0.0,166.0
1144.0,51.0,55.0,0.5,0.0,167.0
1144.5,63.0,62.0,0.5,0.0,167.0
1145.0,50.0,54.0,0.5,0.0,167.0
1145.5,62.0,61.0,0.5,0.0,167.0
1146.0,50.0,54.0,0.5,0.0,167.0
1146.5,62.0,61.0,0.5,0.0,167.0
1147.0,51.0,55.0,0.5,0.0,167.0
1147.5,63.0,62.0,0.5,0.0,167.0
1148.0,51.0,55.0,0.5,0.0,168.0
1148.5,63.0,62.0,0.5,0.0,168.0
1149.0,50.0,54.0,0.5,0.0,168.0
1149.5,62.0,61.0,0.5,0.0,168.0
1150.0,50.0,54.0,0.5,0.0,168.0
1150.5,62.0,61.0,0.5,0.0,168.0
1151.0,48.0,53.0,0.5,0.0,168.0
1151.5,60.0,60.0,0.5,0.0,168.0
1152.0,59.0,59.0,1.0,0.0,169.0
1152.5,43.0,50.0,0.5,1.0,169.0
1153.0,31.0,43.0,0.5,1.0,169.0
1153.5,43.0,50.0,0.5,1.0,169.0
1154.0,49.0,53.0,0.5,0.0,169.0
1154.5,56.0,58.0,0.5,0.0,169.0
1155.0,52.0,55.0,0.5,0.0,169.0
1155.5,49.0,53.0,0.5,0.0,169.0
1156.0,50.0,54.0,0.5,0.0,170.0
1156.5,56.0,58.0,0.5,0.0,170.0
1157.0,53.0,56.0,0.5,0.0,170.0
1157.5,50.0,54.0,0.5,0.0,170.0
1158.0,48.0,53.0,0.5,0.0,170.0
1158.5,56.0,58.0,0.5,0.0,170.0
1159.0,51.0,55.0,0.5,0.0,170.0
1159.5,48.0,53.0,0.5,0.0,170.0
1160.0,47.0,52.0,0.5,0.0,171.0
1160.5,55.0,57.0,0.5,0.0,171.0
1161.0,50.0,54.0,0.5,0.0,171.0
1161.5,47.0,52.0,0.5,0.0,171.0
1162.0,49.0,53.0,0.5,0.0,171.0
1162.5,56.0,58.0,0.5,0.0,171.0
1163.0,52.0,55.0,0.5,0.0,171.0
1163.5,49.0,53.0,0.5,0.0,171.0
1164.0,50.0,54.0,0.5,0.0,172.0
1164.5,56.0,58.0,0.5,0.0,172.0
1165.0,53.0,56.0,0.5,0.0,172.0
1165.5,50.0,54.0,0.5,0.0,172.0
1166.0,48.0,53.0,0.5,0.0,172.0
1166.5,56.0,58.0,0.5,0.0,172.0
1167.0,51.0,55.0,0.5,0.0,172.0
1167.5,48.0,53.0,0.5,0.0,172.0
1168.0,55.0,57.0,1.0,0.0,173.0
1168.5,43.0,50.0,0.5,1.0,173.0
1169.0,64.0,62.0,1.0,0.0,173.0
1169.5,43.0,50.0,0.5,1.0,173.0
1170.0,65.0,63.0,1.0,0.0,173.0
1170.5,43.0,50.0,0.5,1.0,173.0
1171.0,73.0,67.0,1.0,0.0,173.0
1171.5,43.0,50.0,0.5,1.0,173.0
1172.0,74.0,68.0,1.0,0.0,174.0
1172.5,43.0,50.0,0.5,1.0,174.0
1173.0,76.0,69.0,1.0,0.0,174.0
1173.5,43.0,50.0,0.5,1.0,174.0
1174.0,77.0,70.0,1.0,0.0,174.0
1174.5,43.0,50.0,0.5,1.0,174.0
1175.0,85.0,74.0,1.0,0.0,174.0
1175.5,43.0,50.0,0.5,1.0,174.0
1176.0,86.0,75.0,1.0,0.0,175.0
1177.0,88.0,76.0,1.0,0.0,175.0
1178.0,89.0,77.0,2.0,0.0,175.0
1179.0,43.0,50.0,1.0,1.0,175.0
1180.0,43.0,50.0,1.0,1.0,176.0
1181.0,43.0,50.0,2.0,1.0,176.0
1182.0,87.0,76.0,2.0,0.0,176.0
1183.0,43.0,50.0,1.0,1.0,176.0
1184.0,86.0,75.0,1.0,0.0,177.0
1184.5,43.0,50.0,0.5,1.0,177.0
1185.0,31.0,43.0,0.5,1.0,177.0
1185.5,43.0,50.0,0.5,1.0,177.0
1186.0,49.0,53.0,0.5,0.0,177.0
1186.5,56.0,58.0,0.5,0.0,177.0
1187.0,52.0,55.0,0.5,0.0,177.0
1187.5,49.0,53.0,0.5,0.0,177.0
1188.0,50.0,54.0,0.5,0.0,178.0
1188.5,56.0,58.0,0.5,0.0,178.0
1189.0,53.0,56.0,0.5,0.0,178.0
1189.5,50.0,54.0,0.5,0.0,178.0
1190.0,48.0,53.0,0.5,0.0,178.0
1190.5,56.0,58.0,0.5,0.0,178.0
1191.0,51.0,55.0,0.5,0.0,178.0
1191.5,48.0,53.0,0.5,0.0,178.0
1192.0,47.0,52.0,0.5,0.0,179.0
1192.5,55.0,57.0,0.5,0.0,179.0
1193.0,50.0,54.0,0.5,0.0,179.0
1193.5,47.0,52.0,0.5,0.0,179.0
1194.0,49.0,53.0,0.5,0.0,179.0
1194.5,56.0,58.0,0.5,0.0,179.0
1195.0,52.0,55.0,0.5,0.0,179.0
1195.5,49.0,53.0,0.5,0.0,179.0
1196.0,50.0,54.0,0.5,0.0,180.0
1196.5,56.0,58.0,0.5,0.0,180.0
1197.0,53.0,56.0,0.5,0.0,180.0
1197.5,50.0,54.0,0.5,0.0,180.0
1198.0,48.0,53.0,0.5,0.0,180.0
1198.5,56.0,58.0,0.5,0.0,180.0
1199.0,51.0,55.0,0.5,0.0,180.0
1199.5,48.0,53.0,0.5,0.0,180.0
1200.0,55.0,57.0,1.0,0.0,181.0
1200.5,43.0,50.0,0.5,1.0,181.0
1201.0,64.0,62.0,1.0,0.0,181.0
1201.5,43.0,50.0,0.5,1.0,181.0
1202.0,65.0,63.0,1.0,0.0,181.0
1202.5,43.0,50.0,0.5,1.0,181.0
1203.0,73.0,67.0,1.0,0.0,181.0
1203.5,43.0,50.0,0.5,1.0,181.0
1204.0,74.0,68.0,1.0,0.0,182.0
1204.5,43.0,50.0,0.5,1.0,182.0
1205.0,76.0,69.0,1.0,0.0,182.0
1205.5,43.0,50.0,0.5,1.0,182.0
1206.0,77.0,70.0,1.0,0.0,182.0
1206.5,43.0,50.0,0.5,1.0,182.0
1207.0,85.0,74.0,1.0,0.0,182.0
1207.5,43.0,50.0,0.5,1.0,182.0
1208.0,86.0,75.0,1.0,0.0,183.0
1209.0,88.0,76.0,1.0,0.0,183.0
1210.0,89.0,77.0,2.0,0.0,183.0
1211.0,43.0,50.0,2.0,1.0,183.0
1212.0,43.0,50.0,1.0,1.0,184.0
1213.0,43.0,50.0,2.0,1.0,184.0
1214.0,87.0,76.0,2.0,0.0,184.0
1215.0,43.0,50.0,1.0,1.0,184.0
1216.0,86.0,75.0,1.0,0.0,185.0
1217.0,88.0,76.0,1.0,0.0,185.0
1218.0,89.0,77.0,2.0,0.0,185.0
1219.0,43.0,50.0,2.0,1.0,185.0
1220.0,43.0,50.0,1.0,1.0,186.0
1221.0,43.0,50.0,2.0,1.0,186.0
1222.0,87.0,76.0,2.0,0.0,186.0
1223.0,43.0,50.0,1.0,1.0,186.0
1224.0,86.0,75.0,1.0,0.0,187.0
1225.0,88.0,76.0,1.0,0.0,187.0
1226.0,89.0,77.0,2.0,0.0,187.0
1227.0,43.0,50.0,2.0,1.0,187.0
1228.0,43.0,50.0,1.0,1.0,188.0
1229.0,43.0,50.0,2.0,1.0,188.0
1230.0,87.0,76.0,2.0,0.0,188.0
1231.0,43.0,50.0,1.0,1.0,188.0
1232.0,86.0,75.0,0.5,0.0,189.0
1232.5,89.0,77.0,0.5,0.0,189.0
1233.0,86.0,75.0,0.5,0.0,189.0
1233.5,84.0,74.0,0.5,0.0,189.0
1234.0,83.0,73.0,0.5,0.0,189.0
1234.5,89.0,77.0,0.5,0.0,189.0
1235.0,86.0,75.0,0.5,0.0,189.0
1235.5,84.0,74.0,0.5,0.0,189.0
1236.0,83.0,73.0,0.5,0.0,190.0
1236.5,89.0,77.0,0.5,0.0,190.0
1237.0,86.0,75.0,0.5,0.0,190.0
1237.5,84.0,74.0,0.5,0.0,190.0
1238.0,83.0,73.0,0.5,0.0,190.0
1238.5,86.0,75.0,0.5,0.0,190.0
1239.0,83.0,73.0,0.5,0.0,190.0
1239.5,79.0,71.0,0.5,0.0,190.0
1240.0,80.0,72.0,0.5,0.0,191.0
1240.5,82.0,73.0,0.5,0.0,191.0
1241.0,80.0,72.0,0.5,0.0,191.0
1241.5,79.0,71.0,0.5,0.0,191.0
1242.0,77.0,70.0,0.5,0.0,191.0
1242.5,80.0,72.0,0.5,0.0,191.0
1243.0,77.0,70.0,0.5,0.0,191.0
1243.5,75.0,69.0,0.5,0.0,191.0
1244.0,74.0,68.0,0.5,0.0,192.0
1244.5,77.0,70.0,0.5,0.0,192.0
1245.0,74.0,68.0,0.5,0.0,192.0
1245.5,72.0,67.0,0.5,0.0,192.0
1246.0,71.0,66.0,0.5,0.0,192.0
1246.5,74.0,68.0,0.5,0.0,192.0
1247.0,71.0,66.0,0.5,0.0,192.0
1247.5,67.0,64.0,0.5,0.0,192.0
1248.0,68.0,65.0,0.5,0.0,193.0
1248.5,70.0,66.0,0.5,0.0,193.0
1249.0,68.0,65.0,0.5,0.0,193.0
1249.5,67.0,64.0,0.5,0.0,193.0
1250.0,65.0,63.0,0.5,0.0,193.0
1250.5,68.0,65.0,0.5,0.0,193.0
1251.0,65.0,63.0,0.5,0.0,193.0
1251.5,63.0,62.0,0.5,0.0,193.0
1252.0,62.0,61.0,0.5,0.0,194.0
1252.5,65.0,63.0,0.5,0.0,194.0
1253.0,62.0,61.0,0.5,0.0,194.0
1253.5,60.0,60.0,0.5,0.0,194.0
1254.0,59.0,59.0,0.5,0.0,194.0
1254.5,62.0,61.0,0.5,0.0,194.0
1255.0,59.0,59.0,0.5,0.0,194.0
1255.5,55.0,57.0,0.5,0.0,194.0
1256.0,56.0,58.0,0.5,0.0,195.0
1256.5,58.0,59.0,0.5,0.0,195.0
1257.0,56.0,58.0,0.5,0.0,195.0
1257.5,55.0,57.0,0.5,0.0,195.0
1258.0,53.0,56.0,0.5,0.0,195.0
1258.5,51.0,55.0,0.5,0.0,195.0
1259.0,50.0,54.0,0.5,0.0,195.0
1259.5,48.0,53.0,0.5,0.0,195.0
1260.0,47.0,52.0,0.5,0.0,196.0
1260.5,48.0,53.0,0.5,0.0,196.0
1261.0,47.0,52.0,0.5,0.0,196.0
1261.5,44.0,51.0,0.5,0.0,196.0
1262.0,43.0,50.0,0.5,1.0,196.0
1262.5,41.0,49.0,0.5,1.0,196.0
1263.0,39.0,48.0,0.5,1.0,196.0
1263.5,38.0,47.0,0.5,1.0,196.0
1264.0,60.0,60.0,3.0,0.0,197.0
1264.5,48.0,53.0,0.5,1.0,197.0
1265.0,36.0,46.0,0.5,1.0,197.0
1265.5,48.0,53.0,0.5,1.0,197.0
1266.0,36.0,46.0,0.5,1.0,197.0
1266.5,48.0,53.0,0.5,1.0,197.0
1267.0,64.0,62.0,1.0,0.0,197.0
1267.5,48.0,53.0,0.5,1.0,197.0
1268.0,65.0,63.0,1.0,0.0,198.0
1268.5,48.0,53.0,0.5,1.0,198.0
1269.0,67.0,64.0,1.0,0.0,198.0
1269.5,48.0,53.0,0.5,1.0,198.0
1270.0,68.0,65.0,1.0,0.0,198.0
1270.5,48.0,53.0,0.5,1.0,198.0
1271.0,71.0,66.0,1.0,0.0,198.0
1271.5,48.0,53.0,0.5,1.0,198.0
1272.0,72.0,67.0,1.0,0.0,199.0
1272.5,48.0,53.0,0.5,1.0,199.0
1273.0,72.0,67.0,2.0,0.0,199.0
1273.5,48.0,53.0,0.5,1.0,199.0
1274.0,36.0,46.0,0.5,1.0,199.0
1274.5,48.0,53.0,0.5,1.0,199.0
1275.0,76.0,69.0,1.0,0.0,199.0
1275.5,48.0,53.0,0.5,1.0,199.0
1276.0,77.0,70.0,1.0,0.0,200.0
1276.5,48.0,53.0,0.5,1.0,200.0
1277.0,79.0,71.0,1.0,0.0,200.0
1277.5,48.0,53.0,0.5,1.0,200.0
1278.0,80.0,72.0,1.0,0.0,200.0
1278.5,48.0,53.0,0.5,1.0,200.0
1279.0,83.0,73.0,1.0,0.0,200.0
1279.5,48.0,53.0,0.5,1.0,200.0
1280.0,84.0,74.0,2.0,0.0,201.0
1280.5,48.0,53.0,0.5,1.0,201.0
1281.0,36.0,46.0,0.5,1.0,201.0
1281.5,48.0,53.0,0.5,1.0,201.0
1282.0,79.0,71.0,2.0,0.0,201.0
1282.5,50.0,54.0,0.5,1.0,201.0
1283.0,38.0,47.0,0.5,1.0,201.0
1283.5,50.0,54.0,0.5,1.0,201.0
1284.0,75.0,69.0,2.0,0.0,202.0
1284.5,51.0,55.0,0.5,1.0,202.0
1285.0,39.0,48.0,0.5,1.0,202.0
1285.5,51.0,55.0,0.5,1.0,202.0
1286.0,74.0,68.0,2.0,0.0,202.0
1286.5,53.0,56.0,0.5,1.0,202.0
1287.0,41.0,49.0,0.5,1.0,202.0
1287.5,53.0,56.0,0.5,1.0,202.0
1288.0,72.0,67.0,4.0,0.0,203.0
1288.5,55.0,57.0,0.5,1.0,203.0
1289.0,43.0,50.0,0.5,1.0,203.0
1289.5,55.0,57.0,0.5,1.0,203.0
1290.0,66.0,63.0,2.0,0.0,203.0
1290.5,56.0,58.0,0.5,1.0,203.0
1291.0,44.0,51.0,0.5,1.0,203.0
1291.5,56.0,58.0,0.5,1.0,203.0
1292.0,72.0,67.0,2.0,0.0,204.0
1292.5,54.0,56.0,0.5,1.0,204.0
1293.0,42.0,49.0,0.5,1.0,204.0
1293.5,54.0,56.0,0.5,1.0,204.0
1294.0,71.0,66.0,2.0,0.0,204.0
1294.5,55.0,57.0,0.5,1.0,204.0
1295.0,43.0,50.0,0.5,1.0,204.0
1295.5,55.0,57.0,0.5,1.0,204.0
1296.0,72.0,67.0,1.0,0.0,205.0
1296.5,48.0,53.0,0.5,1.0,205.0
1297.0,60.0,60.0,2.0,0.0,205.0
1297.5,48.0,53.0,0.5,1.0,205.0
1298.0,36.0,46.0,0.5,1.0,205.0
1298.5,48.0,53.0,0.5,1.0,205.0
1299.0,64.0,62.0,1.0,0.0,205.0
1299.5,48.0,53.0,0.5,1.0,205.0
1300.0,65.0,63.0,1.0,0.0,206.0
1300.5,48.0,53.0,0.5,1.0,206.0
1301.0,67.0,64.0,1.0,0.0,206.0
1301.5,48.0,53.0,0.5,1.0,206.0
1302.0,68.0,65.0,1.0,0.0,206.0
1302.5,48.0,53.0,0.5,1.0,206.0
1303.0,71.0,66.0,1.0,0.0,206.0
1303.5,48.0,53.0,0.5,1.0,206.0
1304.0,72.0,67.0,1.0,0.0,207.0
1304.5,48.0,53.0,0.5,1.0,207.0
1305.0,72.0,67.0,2.0,0.0,207.0
1305.5,48.0,53.0,0.5,1.0,207.0
1306.0,36.0,46.0,0.5,1.0,207.0
1306.5,48.0,53.0,0.5,1.0,207.0
1307.0,76.0,69.0,1.0,0.0,207.0
1307.5,48.0,53.0,0.5,1.0,207.0
1308.0,77.0,70.0,1.0,0.0,208.0
1308.5,48.0,53.0,0.5,1.0,208.0
1309.0,79.0,71.0,1.0,0.0,208.0
1309.5,48.0,53.0,0.5,1.0,208.0
1310.0,80.0,72.0,1.0,0.0,208.0
1310.5,48.0,53.0,0.5,1.0,208.0
1311.0,83.0,73.0,1.0,0.0,208.0
1311.5,48.0,53.0,0.5,1.0,208.0
1312.0,84.0,74.0,2.0,0.0,209.0
1312.5,48.0,53.0,0.5,1.0,209.0
1313.0,36.0,46.0,0.5,1.0,209.0
1313.5,48.0,53.0,0.5,1.0,209.0
1314.0,80.0,72.0,2.0,0.0,209.0
1314.5,48.0,53.0,0.5,1.0,209.0
1315.0,36.0,46.0,0.5,1.0,209.0
1315.5,48.0,53.0,0.5,1.0,209.0
1316.0,77.0,70.0,2.0,0.0,210.0
1316.5,49.0,54.0,0.5,1.0,210.0
1317.0,37.0,47.0,0.5,1.0,210.0
1317.5,49.0,54.0,0.5,1.0,210.0
1318.0,75.0,69.0,2.0,0.0,210.0
1318.5,51.0,55.0,0.5,1.0,210.0
1319.0,39.0,48.0,0.5,1.0,210.0
1319.5,51.0,55.0,0.5,1.0,210.0
1320.0,73.0,68.0,2.0,0.0,211.0
1320.5,53.0,56.0,0.5,1.0,211.0
1321.0,41.0,49.0,0.5,1.0,211.0
1321.5,53.0,56.0,0.5,1.0,211.0
1322.0,70.0,66.0,2.0,0.0,211.0
1322.5,54.0,57.0,0.5,1.0,211.0
1323.0,42.0,50.0,0.5,1.0,211.0
1323.5,54.0,57.0,0.5,1.0,211.0
1324.0,68.0,65.0,4.0,0.0,212.0
1324.5,56.0,58.0,0.5,1.0,212.0
1325.0,44.0,51.0,0.5,1.0,212.0
1325.5,56.0,58.0,0.5,1.0,212.0
1326.0,63.0,62.0,2.0,0.0,212.0
1326.5,56.0,58.0,0.5,1.0,212.0
1327.0,44.0,51.0,0.5,1.0,212.0
1327.5,56.0,58.0,0.5,1.0,212.0
1328.0,70.0,66.0,2.0,0.0,213.0
1328.5,56.0,58.0,0.5,1.0,213.0
1329.0,44.0,51.0,0.5,1.0,213.0
1329.5,56.0,58.0,0.5,1.0,213.0
1330.0,82.0,73.0,2.0,0.0,213.0
1330.5,50.0,54.0,0.5,1.0,213.0
1331.0,38.0,47.0,0.5,1.0,213.0
1331.5,50.0,54.0,0.5,1.0,213.0
1332.0,78.0,71.0,2.0,0.0,214.0
1332.5,51.0,55.0,0.5,1.0,214.0
1333.0,39.0,48.0,0.5,1.0,214.0
1333.5,51.0,55.0,0.5,1.0,214.0
1334.0,77.0,70.0,2.0,0.0,214.0
1334.5,53.0,56.0,0.5,1.0,214.0
1335.0,41.0,49.0,0.5,1.0,214.0
1335.5,53.0,56.0,0.5,1.0,214.0
1336.0,75.0,69.0,2.0,0.0,215.0
1336.5,54.0,57.0,0.5,1.0,215.0
1337.0,42.0,50.0,0.5,1.0,215.0
1337.5,54.0,57.0,0.5,1.0,215.0
1338.0,71.0,67.0,2.0,0.0,215.0
1338.5,56.0,58.0,0.5,1.0,215.0
1339.0,44.0,51.0,0.5,1.0,215.0
1339.5,56.0,58.0,0.5,1.0,215.0
1340.0,70.0,66.0,4.0,0.0,216.0
1340.5,58.0,59.0,0.5,1.0,216.0
1341.0,46.0,52.0,0.5,1.0,216.0
1341.5,58.0,59.0,0.5,1.0,216.0
1342.0,65.0,63.0,2.0,0.0,216.0
1342.5,58.0,59.0,0.5,1.0,216.0
1343.0,46.0,52.0,0.5,1.0,216.0
1343.5,58.0,59.0,0.5,1.0,216.0
1344.0,72.0,67.0,2.0,0.0,217.0
1344.5,58.0,59.0,0.5,1.0,217.0
1345.0,46.0,52.0,0.5,1.0,217.0
1345.5,58.0,59.0,0.5,1.0,217.0
1346.0,84.0,74.0,2.0,0.0,217.0
1346.5,52.0,55.0,0.5,1.0,217.0
1347.0,40.0,48.0,0.5,1.0,217.0
1347.5,52.0,55.0,0.5,1.0,217.0
1348.0,80.0,72.0,2.0,0.0,218.0
1348.5,53.0,56.0,0.5,1.0,218.0
1349.0,41.0,49.0,0.5,1.0,218.0
1349.5,53.0,56.0,0.5,1.0,218.0
1350.0,79.0,71.0,2.0,0.0,218.0
1350.5,55.0,57.0,0.5,1.0,218.0
1351.0,43.0,50.0,0.5,1.0,218.0
1351.5,55.0,57.0,0.5,1.0,218.0
1352.0,77.0,70.0,2.0,0.0,219.0
1352.5,56.0,58.0,0.5,1.0,219.0
1353.0,44.0,51.0,0.5,1.0,219.0
1353.5,56.0,58.0,0.5,1.0,219.0
1354.0,73.0,68.0,2.0,0.0,219.0
1354.5,58.0,59.0,0.5,1.0,219.0
1355.0,46.0,52.0,0.5,1.0,219.0
1355.5,58.0,59.0,0.5,1.0,219.0
1356.0,72.0,67.0,2.0,0.0,220.0
1356.5,60.0,60.0,0.5,1.0,220.0
1357.0,48.0,53.0,0.5,1.0,220.0
1357.5,60.0,60.0,0.5,1.0,220.0
1358.0,71.0,66.0,2.0,0.0,220.0
1358.5,61.0,61.0,0.5,1.0,220.0
1359.0,49.0,54.0,0.5,1.0,220.0
1359.5,61.0,61.0,0.5,1.0,220.0
1360.0,72.0,67.0,1.0,0.0,221.0
1361.0,59.0,59.0,1.0,0.0,221.0
1362.0,60.0,60.0,1.0,0.0,221.0
1363.0,59.0,59.0,1.0,0.0,221.0
1364.0,60.0,60.0,1.0,0.0,222.0
1365.0,59.0,59.0,1.0,0.0,222.0
1366.0,60.0,60.0,1.0,0.0,222.0
1367.0,59.0,59.0,1.0,0.0,222.0
1368.0,60.0,60.0,4.0,1.0,223.0
1369.0,68.0,65.0,1.0,1.0,223.0
1370.0,68.0,65.0,1.0,1.0,223.0
1371.0,68.0,65.0,1.0,1.0,223.0
1372.0,60.0,60.0,4.0,1.0,224.0
1373.0,72.0,67.0,1.0,0.0,224.0
1374.0,77.0,70.0,1.0,0.0,224.0
1375.0,79.0,71.0,1.0,0.0,224.0
1376.0,80.0,72.0,3.0,0.0,225.0
1377.0,68.0,65.0,1.0,1.0,225.0
1378.0,68.0,65.0,1.0,1.0,225.0
1379.0,77.0,70.0,1.0,0.0,225.0
1380.0,80.0,72.0,3.0,0.0,226.0
1381.0,68.0,65.0,1.0,1.0,226.0
1382.0,68.0,65.0,1.0,1.0,226.0
1383.0,77.0,70.0,1.0,0.0,226.0
1384.0,76.0,69.0,1.0,0.0,227.0
1385.0,70.0,66.0,1.0,1.0,227.0
1386.0,70.0,66.0,1.0,1.0,227.0
1387.0,70.0,66.0,1.0,1.0,227.0
1388.0,60.0,60.0,4.0,1.0,228.0
1389.0,72.0,67.0,1.0,0.0,228.0
1390.0,82.0,73.0,1.0,0.0,228.0
1391.0,80.0,72.0,1.0,0.0,228.0
1392.0,80.0,72.0,1.0,0.0,229.0
1393.0,79.0,71.0,1.0,0.0,229.0
1394.0,79.0,71.0,1.0,0.0,229.0
1395.0,77.0,70.0,1.0,0.0,229.0
1396.0,77.0,70.0,1.0,0.0,230.0
1397.0,76.0,69.0,1.0,0.0,230.0
1398.0,74.0,68.0,1.0,0.0,230.0
1399.0,76.0,69.0,1.0,0.0,230.0
1400.0,77.0,70.0,1.0,0.0,231.0
1401.0,68.0,65.0,1.0,1.0,231.0
1402.0,68.0,65.0,1.0,1.0,231.0
1403.0,68.0,65.0,1.0,1.0,231.0
1404.0,60.0,60.0,4.0,1.0,232.0
1405.0,72.0,67.0,1.0,0.0,232.0
1406.0,77.0,70.0,1.0,0.0,232.0
1407.0,80.0,72.0,1.0,0.0,232.0
1408.0,84.0,74.0,3.0,0.0,233.0
1409.0,65.0,63.0,1.0,1.0,233.0
1410.0,65.0,63.0,1.0,1.0,233.0
1411.0,77.0,70.0,1.0,0.0,233.0
1412.0,89.0,77.0,3.0,0.0,234.0
1413.0,65.0,63.0,1.0,1.0,234.0
1414.0,65.0,63.0,1.0,1.0,234.0
1415.0,84.0,74.0,1.0,0.0,234.0
1416.0,83.0,73.0,1.0,0.0,235.0
1417.0,65.0,63.0,1.0,1.0,235.0
1418.0,65.0,63.0,1.0,1.0,235.0
1419.0,65.0,63.0,1.0,1.0,235.0
1420.0,55.0,57.0,4.0,1.0,236.0
1421.0,67.0,64.0,1.0,0.0,236.0
1422.0,77.0,70.0,1.0,0.0,236.0
1423.0,75.0,69.0,1.0,0.0,236.0
1424.0,75.0,69.0,1.0,0.0,237.0
1425.0,74.0,68.0,1.0,0.0,237.0
1426.0,74.0,68.0,1.0,0.0,237.0
1427.0,72.0,67.0,1.0,0.0,237.0
1428.0,72.0,67.0,1.0,0.0,238.0
1429.0,71.0,66.0,1.0,0.0,238.0
1430.0,69.0,65.0,1.0,0.0,238.0
1431.0,71.0,66.0,1.0,0.0,238.0
1432.0,72.0,67.0,1.0,0.0,239.0
1433.0,63.0,62.0,1.0,1.0,239.0
1434.0,63.0,62.0,1.0,1.0,239.0
1435.0,63.0,62.0,1.0,1.0,239.0
1436.0,55.0,57.0,4.0,1.0,240.0
1437.0,79.0,71.0,1.0,0.0,240.0
1438.0,84.0,74.0,1.0,0.0,240.0
1439.0,86.0,75.0,1.0,0.0,240.0
1440.0,87.0,76.0,3.0,0.0,241.0
1441.0,63.0,62.0,1.0,1.0,241.0
1442.0,63.0,62.0,1.0,1.0,241.0
1443.0,84.0,74.0,1.0,0.0,241.0
1444.0,87.0,76.0,3.0,0.0,242.0
1445.0,63.0,62.0,1.0,1.0,242.0
1446.0,63.0,62.0,1.0,1.0,242.0
1447.0,84.0,74.0,1.0,0.0,242.0
1448.0,83.0,73.0,1.0,0.0,243.0
1449.0,65.0,63.0,1.0,1.0,243.0
1450.0,65.0,63.0,1.0,1.0,243.0
1451.0,65.0,63.0,1.0,1.0,243.0
1452.0,55.0,57.0,4.0,1.0,244.0
1453.0,79.0,71.0,1.0,0.0,244.0
1454.0,89.0,77.0,1.0,0.0,244.0
1455.0,87.0,76.0,1.0,0.0,244.0
1456.0,87.0,76.0,1.0,0.0,245.0
1457.0,86.0,75.0,1.0,0.0,245.0
1458.0,86.0,75.0,1.0,0.0,245.0
1459.0,84.0,74.0,1.0,0.0,245.0
1460.0,84.0,74.0,1.0,0.0,246.0
1461.0,83.0,73.0,1.0,0.0,246.0
1462.0,81.0,72.0,1.0,0.0,246.0
1463.0,83.0,73.0,1.0,0.0,246.0
1464.0,86.0,75.0,1.0,0.0,247.0
1465.0,84.0,74.0,1.0,0.0,247.0
1466.0,84.0,74.0,1.0,0.0,247.0
1467.0,82.0,73.0,1.0,0.0,247.0
1468.0,82.0,73.0,1.0,0.0,248.0
1469.0,81.0,72.0,1.0,0.0,248.0
1470.0,79.0,71.0,1.0,0.0,248.0
1471.0,81.0,72.0,1.0,0.0,248.0
1472.0,84.0,74.0,1.0,0.0,249.0
1473.0,82.0,73.0,1.0,0.0,249.0
1474.0,82.0,73.0,1.0,0.0,249.0
1475.0,80.0,72.0,1.0,0.0,249.0
1476.0,80.0,72.0,1.0,0.0,250.0
1477.0,79.0,71.0,1.0,0.0,250.0
1478.0,77.0,70.0,1.0,0.0,250.0
1479.0,79.0,71.0,1.0,0.0,250.0
1480.0,82.0,73.0,1.0,0.0,251.0
1481.0,80.0,72.0,1.0,0.0,251.0
1482.0,80.0,72.0,1.0,0.0,251.0
1483.0,79.0,71.0,1.0,0.0,251.0
1484.0,79.0,71.0,1.0,0.0,252.0
1485.0,78.0,70.0,1.0,0.0,252.0
1486.0,78.0,70.0,1.0,0.0,252.0
1487.0,78.0,70.0,1.0,0.0,252.0
1488.0,80.0,72.0,1.0,0.0,253.0
1489.0,79.0,71.0,1.0,0.0,253.0
1490.0,79.0,71.0,1.0,0.0,253.0
1491.0,79.0,71.0,1.0,0.0,253.0
1492.0,80.0,72.0,1.0,0.0,254.0
1493.0,79.0,71.0,1.0,0.0,254.0
1494.0,79.0,71.0,1.0,0.0,254.0
1495.0,79.0,71.0,1.0,0.0,254.0
1496.0,48.0,53.0,6.0,1.0,255.0
1496.5,60.0,60.0,0.5,0.0,255.0
1497.0,63.0,62.0,0.5,0.0,255.0
1497.5,60.0,60.0,0.5,0.0,255.0
1498.0,72.0,67.0,4.0,0.0,255.0
1498.5,60.0,60.0,0.5,0.0,255.0
1499.0,63.0,62.0,0.5,0.0,255.0
1499.5,60.0,60.0,0.5,0.0,255.0
1500.0,72.0,67.0,2.0,0.0,256.0
1500.5,60.0,60.0,0.5,0.0,256.0
1501.0,63.0,62.0,0.5,0.0,256.0
1501.5,60.0,60.0,0.5,0.0,256.0
1502.0,72.0,67.0,2.0,0.0,256.0
1502.5,60.0,60.0,0.5,0.0,256.0
1503.0,63.0,62.0,0.5,0.0,256.0
1503.5,60.0,60.0,0.5,0.0,256.0
1504.0,46.0,52.0,4.0,1.0,257.0
1504.5,61.0,61.0,0.5,0.0,257.0
1505.0,64.0,62.0,0.5,0.0,257.0
1505.5,61.0,61.0,0.5,0.0,257.0
1506.0,73.0,68.0,4.0,0.0,257.0
1506.5,61.0,61.0,0.5,0.0,257.0
1507.0,64.0,62.0,0.5,0.0,257.0
1507.5,61.0,61.0,0.5,0.0,257.0
1508.0,73.0,68.0,2.0,0.0,258.0
1508.5,61.0,61.0,0.5,0.0,258.0
1509.0,64.0,62.0,0.5,0.0,258.0
1509.5,61.0,61.0,0.5,0.0,258.0
1510.0,73.0,68.0,2.0,0.0,258.0
1510.5,61.0,61.0,0.5,0.0,258.0
1511.0,64.0,62.0,0.5,0.0,258.0
1511.5,61.0,61.0,0.5,0.0,258.0
1512.0,72.0,67.0,0.5,0.0,259.0
1512.5,60.0,60.0,0.5,0.0,259.0
1513.0,65.0,63.0,0.5,0.0,259.0
1513.5,60.0,60.0,0.5,0.0,259.0
1514.0,76.0,69.0,0.5,0.0,259.0
1514.5,64.0,62.0,0.5,0.0,259.0
1515.0,72.0,67.0,0.5,0.0,259.0
1515.5,64.0,62.0,0.5,0.0,259.0
1516.0,77.0,70.0,0.5,0.0,260.0
1516.5,65.0,63.0,0.5,0.0,260.0
1517.0,72.0,67.0,0.5,0.0,260.0
1517.5,65.0,63.0,0.5,0.0,260.0
1518.0,79.0,71.0,0.5,0.0,260.0
1518.5,67.0,64.0,0.5,0.0,260.0
1519.0,72.0,67.0,0.5,0.0,260.0
1519.5,67.0,64.0,0.5,0.0,260.0
1520.0,80.0,72.0,0.5,0.0,261.0
1520.5,68.0,65.0,0.5,0.0,261.0
1521.0,72.0,67.0,0.5,0.0,261.0
1521.5,68.0,65.0,0.5,0.0,261.0
1522.0,81.0,72.0,0.5,0.0,261.0
1522.5,69.0,65.0,0.5,0.0,261.0
1523.0,72.0,67.0,0.5,0.0,261.0
1523.5,69.0,65.0,0.5,0.0,261.0
1524.0,83.0,73.0,0.5,0.0,262.0
1524.5,71.0,66.0,0.5,0.0,262.0
1525.0,77.0,70.0,0.5,0.0,262.0
1525.5,71.0,66.0,0.5,0.0,262.0
1526.0,84.0,74.0,0.5,0.0,262.0
1526.5,72.0,67.0,0.5,0.0,262.0
1527.0,77.0,70.0,0.5,0.0,262.0
1527.5,72.0,67.0,0.5,0.0,262.0
1528.0,86.0,75.0,0.5,0.0,263.0
1528.5,74.0,68.0,0.5,0.0,263.0
1529.0,77.0,70.0,0.5,0.0,263.0
1529.5,74.0,68.0,0.5,0.0,263.0
1530.0,88.0,76.0,0.5,0.0,263.0
1530.5,76.0,69.0,0.5,0.0,263.0
1531.0,79.0,71.0,0.5,0.0,263.0
1531.5,76.0,69.0,0.5,0.0,263.0
1532.0,89.0,77.0,0.5,0.0,264.0
1532.5,77.0,70.0,0.5,0.0,264.0
1533.0,80.0,72.0,0.5,0.0,264.0
1533.5,77.0,70.0,0.5,0.0,264.0
1534.0,86.0,75.0,0.5,0.0,264.0
1534.5,77.0,70.0,0.5,0.0,264.0
1535.0,80.0,72.0,0.5,0.0,264.0
1535.5,77.0,70.0,0.5,0.0,264.0
1536.0,43.0,50.0,1.0,1.0,265.0
1536.5,75.0,69.0,0.5,0.0,265.0
1537.0,79.0,71.0,0.5,0.0,265.0
1537.5,75.0,69.0,0.5,0.0,265.0
1538.0,84.0,74.0,0.5,0.0,265.0
1538.5,75.0,69.0,0.5,0.0,265.0
1539.0,79.0,71.0,0.5,0.0,265.0
1539.5,75.0,69.0,0.5,0.0,265.0
1540.0,55.0,57.0,1.0,1.0,266.0
1540.5,74.0,68.0,0.5,0.0,266.0
1541.0,77.0,70.0,0.5,0.0,266.0
1541.5,74.0,68.0,0.5,0.0,266.0
1542.0,83.0,73.0,0.5,0.0,266.0
1542.5,74.0,68.0,0.5,0.0,266.0
1543.0,77.0,70.0,0.5,0.0,266.0
1543.5,74.0,68.0,0.5,0.0,266.0
1544.0,48.0,53.0,6.0,1.0,267.0
1544.5,60.0,60.0,0.5,0.0,267.0
1545.0,63.0,62.0,0.5,0.0,267.0
1545.5,60.0,60.0,0.5,0.0,267.0
1546.0,72.0,67.0,4.0,0.0,267.0
1546.5,60.0,60.0,0.5,0.0,267.0
1547.0,63.0,62.0,0.5,0.0,267.0
1547.5,60.0,60.0,0.5,0.0,267.0
1548.0,72.0,67.0,2.0,0.0,268.0
1548.5,60.0,60.0,0.5,0.0,268.0
1549.0,63.0,62.0,0.5,0.0,268.0
1549.5,60.0,60.0,0.5,0.0,268.0
1550.0,72.0,67.0,2.0,0.0,268.0
1550.5,60.0,60.0,0.5,0.0,268.0
1551.0,63.0,62.0,0.5,0.0,268.0
1551.5,60.0,60.0,0.5,0.0,268.0
1552.0,46.0,52.0,4.0,1.0,269.0
1552.5,61.0,61.0,0.5,0.0,269.0
1553.0,64.0,62.0,0.5,0.0,269.0
1553.5,61.0,61.0,0.5,0.0,269.0
1554.0,73.0,68.0,4.0,0.0,269.0
1554.5,61.0,61.0,0.5,0.0,269.0
1555.0,64.0,62.0,0.5,0.0,269.0
1555.5,61.0,61.0,0.5,0.0,269.0
1556.0,73.0,68.0,2.0,0.0,270.0
1556.5,61.0,61.0,0.5,0.0,270.0
1557.0,64.0,62.0,0.5,0.0,270.0
1557.5,61.0,61.0,0.5,0.0,270.0
1558.0,73.0,68.0,2.0,0.0,270.0
1558.5,61.0,61.0,0.5,0.0,270.0
1559.0,64.0,62.0,0.5,0.0,270.0
1559.5,61.0,61.0,0.5,0.0,270.0
1560.0,72.0,67.0,0.5,0.0,271.0
1560.5,60.0,60.0,0.5,0.0,271.0
1561.0,65.0,63.0,0.5,0.0,271.0
1561.5,60.0,60.0,0.5,0.0,271.0
1562.0,76.0,69.0,0.5,0.0,271.0
1562.5,64.0,62.0,0.5,0.0,271.0
1563.0,72.0,67.0,0.5,0.0,271.0
1563.5,64.0,62.0,0.5,0.0,271.0
1564.0,77.0,70.0,0.5,0.0,272.0
1564.5,65.0,63.0,0.5,0.0,272.0
1565.0,72.0,67.0,0.5,0.0,272.0
1565.5,65.0,63.0,0.5,0.0,272.0
1566.0,79.0,71.0,0.5,0.0,272.0
1566.5,67.0,64.0,0.5,0.0,272.0
1567.0,72.0,67.0,0.5,0.0,272.0
1567.5,67.0,64.0,0.5,0.0,272.0
1568.0,80.0,72.0,0.5,0.0,273.0
1568.5,68.0,65.0,0.5,0.0,273.0
1569.0,72.0,67.0,0.5,0.0,273.0
1569.5,68.0,65.0,0.5,0.0,273.0
1570.0,81.0,72.0,0.5,0.0,273.0
1570.5,69.0,65.0,0.5,0.0,273.0
1571.0,72.0,67.0,0.5,0.0,273.0
1571.5,69.0,65.0,0.5,0.0,273.0
1572.0,83.0,73.0,0.5,0.0,274.0
1572.5,71.0,66.0,0.5,0.0,274.0
1573.0,77.0,70.0,0.5,0.0,274.0
1573.5,71.0,66.0,0.5,0.0,274.0
1574.0,84.0,74.0,0.5,0.0,274.0
1574.5,72.0,67.0,0.5,0.0,274.0
1575.0,77.0,70.0,0.5,0.0,274.0
1575.5,72.0,67.0,0.5,0.0,274.0
1576.0,86.0,75.0,0.5,0.0,275.0
1576.5,74.0,68.0,0.5,0.0,275.0
1577.0,77.0,70.0,0.5,0.0,275.0
1577.5,74.0,68.0,0.5,0.0,275.0
1578.0,88.0,76.0,0.5,0.0,275.0
1578.5,76.0,69.0,0.5,0.0,275.0
1579.0,79.0,71.0,0.5,0.0,275.0
1579.5,76.0,69.0,0.5,0.0,275.0
1580.0,89.0,77.0,0.5,0.0,276.0
1580.5,77.0,70.0,0.5,0.0,276.0
1581.0,80.0,72.0,0.5,0.0,276.0
1581.5,77.0,70.0,0.5,0.0,276.0
1582.0,86.0,75.0,0.5,0.0,276.0
1582.5,77.0,70.0,0.5,0.0,276.0
1583.0,80.0,72.0,0.5,0.0,276.0
1583.5,77.0,70.0,0.5,0.0,276.0
1584.0,43.0,50.0,1.0,1.0,277.0
1584.5,75.0,69.0,0.5,0.0,277.0
1585.0,79.0,71.0,0.5,0.0,277.0
1585.5,75.0,69.0,0.5,0.0,277.0
1586.0,84.0,74.0,0.5,0.0,277.0
1586.5,75.0,69.0,0.5,0.0,277.0
1587.0,79.0,71.0,0.5,0.0,277.0
1587.5,75.0,69.0,0.5,0.0,277.0
1588.0,55.0,57.0,1.0,1.0,278.0
1588.5,74.0,68.0,0.5,0.0,278.0
1589.0,77.0,70.0,0.5,0.0,278.0
1589.5,74.0,68.0,0.5,0.0,278.0
1590.0,83.0,73.0,0.5,0.0,278.0
1590.5,74.0,68.0,0.5,0.0,278.0
1591.0,77.0,70.0,0.5,0.0,278.0
1591.5,74.0,68.0,0.5,0.0,278.0
1592.0,72.0,67.0,1.0,0.0,279.0
1593.0,84.0,74.0,2.0,0.0,279.0
1594.0,63.0,62.0,1.0,1.0,279.0
1595.0,83.0,73.0,0.5,0.0,279.0
1595.5,84.0,74.0,0.5,0.0,279.0
1596.0,86.0,75.0,0.5,0.0,280.0
1596.5,84.0,74.0,0.5,0.0,280.0
1597.0,82.0,73.0,0.5,0.0,280.0
1597.5,80.0,72.0,0.5,0.0,280.0
1598.0,79.0,71.0,0.5,0.0,280.0
1598.5,80.0,72.0,0.5,0.0,280.0
1599.0,82.0,73.0,0.5,0.0,280.0
1599.5,80.0,72.0,0.5,0.0,280.0
1600.0,79.0,71.0,0.5,0.0,281.0
1600.5,77.0,70.0,0.5,0.0,281.0
1601.0,75.0,69.0,0.5,0.0,281.0
1601.5,74.0,68.0,0.5,0.0,281.0
1602.0,73.0,67.0,0.5,0.0,281.0
1602.5,74.0,68.0,0.5,0.0,281.0
1603.0,75.0,69.0,0.5,0.0,281.0
1603.5,74.0,68.0,0.5,0.0,281.0
1604.0,72.0,67.0,0.5,0.0,282.0
1604.5,71.0,66.0,0.5,0.0,282.0
1605.0,68.0,65.0,0.5,0.0,282.0
1605.5,67.0,64.0,0.5,0.0,282.0
1606.0,66.0,63.0,0.5,0.0,282.0
1606.5,67.0,64.0,0.5,0.0,282.0
1607.0,68.0,65.0,0.5,0.0,282.0
1607.5,65.0,63.0,0.5,0.0,282.0
1608.0,63.0,62.0,1.0,0.0,283.0
1609.0,84.0,74.0,2.0,0.0,283.0
1610.0,60.0,60.0,1.0,1.0,283.0
1611.0,83.0,73.0,0.5,0.0,283.0
1611.5,84.0,74.0,0.5,0.0,283.0
1612.0,86.0,75.0,0.5,0.0,284.0
1612.5,84.0,74.0,0.5,0.0,284.0
1613.0,82.0,73.0,0.5,0.0,284.0
1613.5,80.0,72.0,0.5,0.0,284.0
1614.0,79.0,71.0,0.5,0.0,284.0
1614.5,80.0,72.0,0.5,0.0,284.0
1615.0,82.0,73.0,0.5,0.0,284.0
1615.5,80.0,72.0,0.5,0.0,284.0
1616.0,79.0,71.0,0.5,0.0,285.0
1616.5,77.0,70.0,0.5,0.0,285.0
1617.0,75.0,69.0,0.5,0.0,285.0
1617.5,74.0,68.0,0.5,0.0,285.0
1618.0,73.0,67.0,0.5,0.0,285.0
1618.5,74.0,68.0,0.5,0.0,285.0
1619.0,75.0,69.0,0.5,0.0,285.0
1619.5,74.0,68.0,0.5,0.0,285.0
1620.0,72.0,67.0,0.5,0.0,286.0
1620.5,71.0,66.0,0.5,0.0,286.0
1621.0,68.0,65.0,0.5,0.0,286.0
1621.5,67.0,64.0,0.5,0.0,286.0
1622.0,66.0,63.0,0.5,0.0,286.0
1622.5,67.0,64.0,0.5,0.0,286.0
1623.0,68.0,65.0,0.5,0.0,286.0
1623.5,67.0,64.0,0.5,0.0,286.0
1624.0,72.0,67.0,1.0,0.0,287.0
1624.5,48.0,53.0,0.5,1.0,287.0
1625.0,60.0,60.0,2.0,0.0,287.0
1625.5,48.0,53.0,0.5,1.0,287.0
1626.0,36.0,46.0,0.5,1.0,287.0
1626.5,48.0,53.0,0.5,1.0,287.0
1627.0,64.0,62.0,1.0,0.0,287.0
1627.5,48.0,53.0,0.5,1.0,287.0
1628.0,65.0,63.0,1.0,0.0,288.0
1628.5,48.0,53.0,0.5,1.0,288.0
1629.0,67.0,64.0,1.0,0.0,288.0
1629.5,48.0,53.0,0.5,1.0,288.0
1630.0,68.0,65.0,1.0,0.0,288.0
1630.5,48.0,53.0,0.5,1.0,288.0
1631.0,71.0,66.0,1.0,0.0,288.0
1631.5,48.0,53.0,0.5,1.0,288.0
1632.0,72.0,67.0,1.0,0.0,289.0
1632.5,48.0,53.0,0.5,1.0,289.0
1633.0,72.0,67.0,2.0,0.0,289.0
1633.5,48.0,53.0,0.5,1.0,289.0
1634.0,36.0,46.0,0.5,1.0,289.0
1634.5,48.0,53.0,0.5,1.0,289.0
1635.0,76.0,69.0,1.0,0.0,289.0
1635.5,48.0,53.0,0.5,1.0,289.0
1636.0,77.0,70.0,1.0,0.0,290.0
1636.5,48.0,53.0,0.5,1.0,290.0
1637.0,79.0,71.0,1.0,0.0,290.0
1637.5,48.0,53.0,0.5,1.0,290.0
1638.0,80.0,72.0,1.0,0.0,290.0
1638.5,48.0,53.0,0.5,1.0,290.0
1639.0,83.0,73.0,1.0,0.0,290.0
1639.5,48.0,53.0,0.5,1.0,290.0
1640.0,84.0,74.0,4.0,0.0,291.0
1640.5,48.0,53.0,0.5,1.0,291.0
1641.0,36.0,46.0,0.5,1.0,291.0
1641.5,48.0,53.0,0.5,1.0,291.0
1642.0,36.0,46.0,0.5,1.0,291.0
1642.5,48.0,53.0,0.5,1.0,291.0
1643.0,36.0,46.0,0.5,1.0,291.0
1643.5,48.0,53.0,0.5,1.0,291.0
1644.0,72.0,67.0,4.0,0.0,292.0
1644.5,46.0,52.0,0.5,1.0,292.0
1645.0,34.0,45.0,0.5,1.0,292.0
1645.5,46.0,52.0,0.5,1.0,292.0
1646.0,34.0,45.0,0.5,1.0,292.0
1646.5,46.0,52.0,0.5,1.0,292.0
1647.0,34.0,45.0,0.5,1.0,292.0
1647.5,46.0,52.0,0.5,1.0,292.0
1648.0,84.0,74.0,4.0,0.0,293.0
1648.5,44.0,51.0,0.5,1.0,293.0
1649.0,32.0,44.0,0.5,1.0,293.0
1649.5,44.0,51.0,0.5,1.0,293.0
1650.0,32.0,44.0,0.5,1.0,293.0
1650.5,44.0,51.0,0.5,1.0,293.0
1651.0,32.0,44.0,0.5,1.0,293.0
1651.5,44.0,51.0,0.5,1.0,293.0
1652.0,72.0,67.0,4.0,0.0,294.0
1652.5,43.0,50.0,0.5,1.0,294.0
1653.0,31.0,43.0,0.5,1.0,294.0
1653.5,43.0,50.0,0.5,1.0,294.0
1654.0,31.0,43.0,0.5,1.0,294.0
1654.5,43.0,50.0,0.5,1.0,294.0
1655.0,31.0,43.0,0.5,1.0,294.0
1655.5,43.0,50.0,0.5,1.0,294.0
1656.0,87.0,76.0,4.0,0.0,295.0
1660.0,63.0,62.0,4.0,0.0,296.0
1665.375,72.0,67.0,0.125,0.0,297.0
1665.5,74.0,68.0,0.375,0.0,297.0
1665.875,75.0,69.0,0.125,0.0,297.0
1666.0,75.0,69.0,1.0,0.0,297.0
1667.0,74.0,68.0,0.5,0.0,297.0
1669.375,77.0,70.0,0.125,0.0,298.0
1669.5,79.0,71.0,0.375,0.0,298.0
1669.875,80.0,72.0,0.125,0.0,298.0
1670.0,80.0,72.0,1.0,0.0,298.0
1671.0,79.0,71.0,0.5,0.0,298.0
1673.375,82.0,73.0,0.125,0.0,299.0
1673.5,84.0,74.0,0.375,0.0,299.0
1673.875,85.0,75.0,0.125,0.0,299.0
1674.0,85.0,75.0,1.0,0.0,299.0
1675.0,84.0,74.0,0.5,0.0,299.0
1675.5,82.0,73.0,0.5,0.0,299.0
1676.0,80.0,72.0,0.5,0.0,300.0
1676.5,79.0,71.0,0.5,0.0,300.0
1677.0,77.0,70.0,0.5,0.0,300.0
1677.5,75.0,69.0,0.5,0.0,300.0
1678.0,53.0,56.0,0.5,1.0,300.0
1678.5,74.0,68.0,0.5,0.0,300.0
1679.0,43.0,50.0,0.5,1.0,300.0
1679.5,59.0,59.0,0.5,1.0,300.0
1680.0,60.0,60.0,3.0,0.0,301.0
1680.5,48.0,53.0,0.5,1.0,301.0
1681.0,36.0,46.0,0.5,1.0,301.0
1681.5,48.0,53.0,0.5,1.0,301.0
1682.0,36.0,46.0,0.5,1.0,301.0
1682.5,48.0,53.0,0.5,1.0,301.0
1683.0,64.0,62.0,1.0,0.0,301.0
1683.5,48.0,53.0,0.5,1.0,301.0
1684.0,65.0,63.0,1.0,0.0,302.0
1684.5,48.0,53.0,0.5,1.0,302.0
1685.0,67.0,64.0,1.0,0.0,302.0
1685.5,48.0,53.0,0.5,1.0,302.0
1686.0,68.0,65.0,1.0,0.0,302.0
1686.5,48.0,53.0,0.5,1.0,302.0
1687.0,71.0,66.0,1.0,0.0,302.0
1687.5,48.0,53.0,0.5,1.0,302.0
1688.0,72.0,67.0,1.0,0.0,303.0
1688.5,48.0,53.0,0.5,1.0,303.0
1689.0,72.0,67.0,2.0,0.0,303.0
1689.5,48.0,53.0,0.5,1.0,303.0
1690.0,36.0,46.0,0.5,1.0,303.0
1690.5,48.0,53.0,0.5,1.0,303.0
1691.0,76.0,69.0,1.0,0.0,303.0
1691.5,48.0,53.0,0.5,1.0,303.0
1692.0,77.0,70.0,1.0,0.0,304.0
1692.5,48.0,53.0,0.5,1.0,304.0
1693.0,79.0,71.0,1.0,0.0,304.0
1693.5,48.0,53.0,0.5,1.0,304.0
1694.0,80.0,72.0,1.0,0.0,304.0
1694.5,48.0,53.0,0.5,1.0,304.0
1695.0,83.0,73.0,1.0,0.0,304.0
1695.5,48.0,53.0,0.5,1.0,304.0
1696.0,84.0,74.0,2.0,0.0,305.0
1696.5,48.0,53.0,0.5,1.0,305.0
1697.0,36.0,46.0,0.5,1.0,305.0
1697.5,48.0,53.0,0.5,1.0,305.0
1698.0,84.0,74.0,2.0,0.0,305.0
1698.5,46.0,52.0,0.5,1.0,305.0
1699.0,34.0,45.0,0.5,1.0,305.0
1699.5,46.0,52.0,0.5,1.0,305.0
1700.0,84.0,74.0,2.0,0.0,306.0
1700.5,44.0,51.0,0.5,1.0,306.0
1701.0,32.0,44.0,0.5,1.0,306.0
1701.5,44.0,51.0,0.5,1.0,306.0
1702.0,84.0,74.0,2.0,0.0,306.0
1702.5,43.0,50.0,0.5,1.0,306.0
1703.0,31.0,43.0,0.5,1.0,306.0
1703.5,43.0,50.0,0.5,1.0,306.0
1704.0,87.0,76.0,1.0,0.0,307.0
1708.0,75.0,69.0,1.0,0.0,308.0
1712.0,79.0,71.0,1.0,0.0,309.0
1716.0,59.0,59.0,1.0,0.0,310.0
1720.0,60.0,60.0,1.0,0.0,311.0
